x,y,time,keys,pressed,sofar
310,287,45871,,"[0, 0, 0, 0, 0, 0, 0, 0]",0
310,287,45938,,"[0, 0, 0, 0, 0, 0, 0, 0]",0
310,287,45955,,"[0, 0, 0, 0, 0, 0, 0, 0]",0
310,287,45971,,"[0, 0, 0, 0, 0, 0, 0, 0]",0
310,287,45988,,"[0, 0, 0, 0, 0, 0, 0, 0]",0
310,287,46005,,"[0, 0, 0, 0, 0, 0, 0, 0]",0
310,287,46021,,"[0, 0, 0, 0, 0, 0, 0, 0]",0
310,287,46038,,"[0, 0, 0, 0, 0, 0, 0, 0]",0
310,287,46055,,"[0, 0, 0, 0, 0, 0, 0, 0]",0
310,287,46071,,"[0, 0, 0, 0, 0, 0, 0, 0]",0
310,287,46088,,"[0, 0, 0, 0, 0, 0, 0, 0]",0
310,287,46105,,"[0, 0, 0, 0, 0, 0, 0, 0]",0
310,287,46121,,"[0, 0, 0, 0, 0, 0, 0, 0]",0
310,287,46138,,"[0, 0, 0, 0, 0, 0, 0, 0]",0
310,287,46155,,"[0, 0, 0, 0, 0, 0, 0, 0]",0
310,287,46171,,"[0, 0, 0, 0, 0, 0, 0, 0]",0
310,287,46188,,"[0, 0, 0, 0, 0, 0, 0, 0]",0
310,287,46205,,"[0, 0, 0, 0, 0, 0, 0, 0]",0
310,287,46221,,"[0, 0, 0, 0, 0, 0, 0, 0]",0
310,287,46238,,"[0, 0, 0, 0, 0, 0, 0, 0]",0
310,287,46255,,"[0, 0, 0, 0, 0, 0, 0, 0]",0
310,287,46271,,"[0, 0, 0, 0, 0, 0, 0, 0]",0
310,287,46288,,"[0, 0, 0, 0, 0, 0, 0, 0]",0
310,287,46305,,"[0, 0, 0, 0, 0, 0, 0, 0]",0
310,287,46321,,"[0, 0, 0, 0, 0, 0, 0, 0]",0
310,287,46338,,"[0, 0, 0, 0, 0, 0, 0, 0]",0
310,287,46355,,"[0, 0, 0, 0, 0, 0, 0, 0]",0
310,287,46372,,"[0, 0, 0, 0, 0, 0, 0, 0]",0
310,287,46388,,"[0, 0, 0, 0, 0, 0, 0, 0]",0
310,287,46405,,"[0, 0, 0, 0, 0, 0, 0, 0]",0
310,287,46422,,"[0, 0, 0, 0, 0, 0, 0, 0]",0
310,287,46438,,"[0, 0, 0, 0, 0, 0, 0, 0]",0
310,287,46455,,"[0, 0, 0, 0, 0, 0, 0, 0]",0
310,287,46472,,"[0, 0, 0, 0, 0, 0, 0, 0]",0
310,287,46488,,"[0, 0, 0, 0, 0, 0, 0, 0]",0
310,287,46505,,"[0, 0, 0, 0, 0, 0, 0, 0]",0
310,287,46522,,"[0, 0, 0, 0, 0, 0, 0, 0]",0
310,287,46538,,"[0, 0, 0, 0, 0, 0, 0, 0]",0
310,287,46555,,"[0, 0, 0, 0, 0, 0, 0, 0]",0
310,287,46572,,"[0, 0, 0, 0, 0, 0, 0, 0]",0
310,287,46588,,"[0, 0, 0, 0, 0, 0, 0, 0]",0
310,287,46605,,"[0, 0, 0, 0, 0, 0, 0, 0]",0
310,287,46622,,"[0, 0, 0, 0, 0, 0, 0, 0]",0
310,287,46638,,"[0, 0, 0, 0, 0, 0, 0, 0]",0
310,287,46655,,"[0, 0, 0, 0, 0, 0, 0, 0]",0
310,287,46672,,"[0, 0, 0, 0, 0, 0, 0, 0]",0
310,287,46688,,"[0, 0, 0, 0, 0, 0, 0, 0]",0
310,287,46705,,"[0, 0, 0, 0, 0, 0, 0, 0]",0
310,287,46722,,"[0, 0, 0, 0, 0, 0, 0, 0]",0
310,287,46738,,"[0, 0, 0, 0, 0, 0, 0, 0]",0
310,287,46755,,"[0, 0, 0, 0, 0, 0, 0, 0]",0
310,287,46772,,"[0, 0, 0, 0, 0, 0, 0, 0]",0
310,287,46788,,"[0, 0, 0, 0, 0, 0, 0, 0]",0
310,287,46805,,"[0, 0, 0, 0, 0, 0, 0, 0]",0
310,287,46822,,"[0, 0, 0, 0, 0, 0, 0, 0]",0
310,287,46838,,"[0, 0, 0, 0, 0, 0, 0, 0]",0
310,287,46855,,"[0, 0, 0, 0, 0, 0, 0, 0]",0
310,287,46872,,"[0, 0, 0, 0, 0, 0, 0, 0]",0
310,287,46888,,"[0, 0, 0, 0, 0, 0, 0, 0]",0
310,287,46905,,"[0, 0, 0, 0, 0, 0, 0, 0]",0
310,287,46922,,"[0, 0, 0, 0, 0, 0, 0, 0]",0
310,287,46938,,"[0, 0, 0, 0, 0, 0, 0, 0]",0
310,287,46955,,"[0, 0, 0, 0, 0, 0, 0, 0]",0
310,287,46972,,"[0, 0, 0, 0, 0, 0, 0, 0]",0
310,287,46988,,"[0, 0, 0, 0, 0, 0, 0, 0]",0
310,287,47005,,"[0, 0, 0, 0, 0, 0, 0, 0]",0
310,287,47022,,"[0, 0, 0, 0, 0, 0, 0, 0]",0
310,287,47038,,"[0, 0, 0, 0, 0, 0, 0, 0]",0
310,287,47055,,"[0, 0, 0, 0, 0, 0, 0, 0]",0
310,287,47072,,"[0, 0, 0, 0, 0, 0, 0, 0]",0
310,287,47089,,"[0, 0, 0, 0, 0, 0, 0, 0]",0
310,287,47105,,"[0, 0, 0, 0, 0, 0, 0, 0]",0
310,287,47122,,"[0, 0, 0, 0, 0, 0, 0, 0]",0
310,287,47139,,"[0, 0, 0, 0, 0, 0, 0, 0]",0
310,287,47155,,"[0, 0, 0, 0, 0, 0, 0, 0]",0
310,287,47172,,"[0, 0, 0, 0, 0, 0, 0, 0]",0
310,287,47189,,"[0, 0, 0, 0, 0, 0, 0, 0]",0
310,287,47205,,"[0, 0, 0, 0, 0, 0, 0, 0]",0
310,287,47222,,"[0, 0, 0, 0, 0, 0, 0, 0]",0
310,287,47239,,"[0, 0, 0, 0, 0, 0, 0, 0]",0
310,287,47255,,"[0, 0, 0, 0, 0, 0, 0, 0]",0
310,287,47272,,"[0, 0, 0, 0, 0, 0, 0, 0]",0
310,287,47289,,"[0, 0, 0, 0, 0, 0, 0, 0]",0
310,287,47305,,"[0, 0, 0, 0, 0, 0, 0, 0]",0
310,287,47322,,"[0, 0, 0, 0, 0, 0, 0, 0]",0
310,287,47339,,"[0, 0, 0, 0, 0, 0, 0, 0]",0
310,287,47355,,"[0, 0, 0, 0, 0, 0, 0, 0]",0
310,287,47372,,"[0, 0, 0, 0, 0, 0, 0, 0]",0
310,287,47389,,"[0, 0, 0, 0, 0, 0, 0, 0]",0
310,287,47405,,"[0, 0, 0, 0, 0, 0, 0, 0]",0
310,287,47422,,"[0, 0, 0, 0, 0, 0, 0, 0]",0
310,287,47439,,"[0, 0, 0, 0, 0, 0, 0, 0]",0
310,287,47455,,"[0, 0, 0, 0, 0, 0, 0, 0]",0
310,287,47472,,"[0, 0, 0, 0, 0, 0, 0, 0]",0
310,287,47489,,"[0, 0, 0, 0, 0, 0, 0, 0]",0
310,287,47505,,"[0, 0, 0, 0, 0, 0, 0, 0]",0
310,287,47522,,"[0, 0, 0, 0, 0, 0, 0, 0]",0
310,287,47539,,"[0, 0, 0, 0, 0, 0, 0, 0]",0
310,287,47555,,"[0, 0, 0, 0, 0, 0, 0, 0]",0
310,287,47572,,"[0, 0, 0, 0, 0, 0, 0, 0]",0
310,287,47589,,"[0, 0, 0, 0, 0, 0, 0, 0]",0
310,287,47605,,"[0, 0, 0, 0, 0, 0, 0, 0]",0
310,287,47622,,"[0, 0, 0, 0, 0, 0, 0, 0]",0
310,287,47639,,"[0, 0, 0, 0, 0, 0, 0, 0]",0
310,287,47655,,"[0, 0, 0, 0, 0, 0, 0, 0]",0
310,287,47672,,"[0, 0, 0, 0, 0, 0, 0, 0]",0
310,287,47689,,"[0, 0, 0, 0, 0, 0, 0, 0]",0
310,287,47705,,"[0, 0, 0, 0, 0, 0, 0, 0]",0
310,287,47722,,"[0, 0, 0, 0, 0, 0, 0, 0]",0
310,287,47739,,"[0, 0, 0, 0, 0, 0, 0, 0]",0
310,287,47755,,"[0, 0, 0, 0, 0, 0, 0, 0]",0
310,287,47772,,"[0, 0, 0, 0, 0, 0, 0, 0]",0
310,287,47789,R,"[0, 0, 0, 0, 0, 0, 0, 0]",0
310,287,47805,R,"[0, 0, 0, 0, 0, 0, 0, 0]",0
311,287,47822,R,"[0, 0, 0, 0, 0, 0, 0, 0]",0
312,287,47839,R,"[0, 0, 0, 0, 0, 0, 0, 0]",0
312,287,47856,R,"[0, 0, 0, 0, 0, 0, 0, 0]",0
313,287,47872,R,"[0, 0, 0, 0, 0, 0, 0, 0]",0
314,287,47889,R,"[0, 0, 0, 0, 0, 0, 0, 0]",0
315,287,47906,R,"[0, 0, 0, 0, 0, 0, 0, 0]",0
316,287,47922,R,"[0, 0, 0, 0, 0, 0, 0, 0]",0
317,287,47939,R,"[0, 0, 0, 0, 0, 0, 0, 0]",0
317,287,47956,R,"[0, 0, 0, 0, 0, 0, 0, 0]",0
318,287,47972,R,"[0, 0, 0, 0, 0, 0, 0, 0]",0
319,287,47989,R,"[0, 0, 0, 0, 0, 0, 0, 0]",0
320,287,48006,R,"[0, 0, 0, 0, 0, 0, 0, 0]",0
321,287,48022,R,"[0, 0, 0, 0, 0, 0, 0, 0]",0
322,287,48039,R,"[0, 0, 0, 0, 0, 0, 0, 0]",0
322,287,48056,R,"[0, 0, 0, 0, 0, 0, 0, 0]",0
323,287,48072,R,"[0, 0, 0, 0, 0, 0, 0, 0]",0
324,287,48089,R,"[0, 0, 0, 0, 0, 0, 0, 0]",0
325,287,48106,R,"[0, 0, 0, 0, 0, 0, 0, 0]",0
326,287,48122,R,"[0, 0, 0, 0, 0, 0, 0, 0]",0
327,287,48139,R,"[0, 0, 0, 0, 0, 0, 0, 0]",0
327,287,48156,R,"[0, 0, 0, 0, 0, 0, 0, 0]",0
328,287,48172,R,"[0, 0, 0, 0, 0, 0, 0, 0]",0
329,287,48189,R,"[0, 0, 0, 0, 0, 0, 0, 0]",0
330,287,48206,R,"[0, 0, 0, 0, 0, 0, 0, 0]",0
331,287,48222,R,"[0, 0, 0, 0, 0, 0, 0, 0]",0
332,287,48239,R,"[0, 0, 0, 0, 0, 0, 0, 0]",0
332,287,48256,R,"[0, 0, 0, 0, 0, 0, 0, 0]",0
333,287,48272,R,"[0, 0, 0, 0, 0, 0, 0, 0]",0
334,287,48289,D,"[0, 0, 0, 0, 0, 0, 0, 0]",0
335,287,48306,D,"[0, 0, 0, 0, 0, 0, 0, 0]",0
335,288,48322,D,"[0, 0, 0, 0, 0, 0, 0, 0]",0
335,289,48339,D,"[0, 0, 0, 0, 0, 0, 0, 0]",0
335,289,48356,D,"[0, 0, 0, 0, 0, 0, 0, 0]",0
335,290,48372,D,"[0, 0, 0, 0, 0, 0, 0, 0]",0
335,291,48389,D,"[0, 0, 0, 0, 0, 0, 0, 0]",0
335,292,48406,D,"[0, 0, 0, 0, 0, 0, 0, 0]",0
335,293,48422,D,"[0, 0, 0, 0, 0, 0, 0, 0]",0
335,294,48439,D,"[0, 0, 0, 0, 0, 0, 0, 0]",0
335,294,48456,D,"[0, 0, 0, 0, 0, 0, 0, 0]",0
335,295,48472,D,"[0, 0, 0, 0, 0, 0, 0, 0]",0
335,296,48489,D,"[0, 0, 0, 0, 0, 0, 0, 0]",0
335,297,48506,D,"[0, 0, 0, 0, 0, 0, 0, 0]",0
335,298,48522,D,"[0, 0, 0, 0, 0, 0, 0, 0]",0
335,299,48539,D,"[0, 0, 0, 0, 0, 0, 0, 0]",0
335,299,48556,D,"[0, 0, 0, 0, 0, 0, 0, 0]",0
335,300,48572,D,"[0, 0, 0, 0, 0, 0, 0, 0]",0
335,301,48589,D,"[0, 0, 0, 0, 0, 0, 0, 0]",0
335,302,48606,D,"[0, 0, 0, 0, 0, 0, 0, 0]",0
335,303,48623,D,"[0, 0, 0, 0, 0, 0, 0, 0]",0
335,304,48639,,"[0, 0, 0, 0, 0, 0, 0, 0]",0
335,304,48656,,"[0, 0, 0, 0, 0, 0, 0, 0]",0
335,304,48673,,"[0, 0, 0, 0, 0, 0, 0, 0]",0
335,304,48689,,"[0, 0, 0, 0, 0, 0, 0, 0]",0
335,304,48706,,"[0, 0, 0, 0, 0, 0, 0, 0]",0
335,304,48723,,"[0, 0, 0, 0, 0, 0, 0, 0]",0
335,304,48739,,"[0, 0, 0, 0, 0, 0, 0, 0]",0
335,304,48756,R,"[0, 0, 0, 0, 0, 0, 0, 0]",0
335,304,48773,R,"[0, 0, 0, 0, 0, 0, 0, 0]",0
336,304,48789,R,"[0, 0, 0, 0, 0, 0, 0, 0]",0
337,304,48806,R,"[0, 0, 0, 0, 0, 0, 0, 0]",0
337,304,48823,R,"[0, 0, 0, 0, 0, 0, 0, 0]",0
338,304,48839,R,"[0, 0, 0, 0, 0, 0, 0, 0]",0
339,304,48856,R,"[0, 0, 0, 0, 0, 0, 0, 0]",0
340,304,48873,R,"[0, 0, 0, 0, 0, 0, 0, 0]",0
341,304,48889,R,"[0, 0, 0, 0, 0, 0, 0, 0]",0
342,304,48906,R,"[0, 0, 0, 0, 0, 0, 0, 0]",0
342,304,48923,R,"[0, 0, 0, 0, 0, 0, 0, 0]",0
343,304,48939,R,"[0, 0, 0, 0, 0, 0, 0, 0]",0
344,304,48956,R,"[0, 0, 0, 0, 0, 0, 0, 0]",0
345,304,48973,R,"[0, 0, 0, 0, 0, 0, 0, 0]",0
346,304,48989,R,"[0, 0, 0, 0, 0, 0, 0, 0]",0
347,304,49006,R,"[0, 0, 0, 0, 0, 0, 0, 0]",0
347,304,49023,R,"[0, 0, 0, 0, 0, 0, 0, 0]",0
348,304,49039,R,"[0, 0, 0, 0, 0, 0, 0, 0]",0
349,304,49056,R,"[0, 0, 0, 0, 0, 0, 0, 0]",0
350,304,49073,R,"[0, 0, 0, 0, 0, 0, 0, 0]",0
351,304,49089,R,"[0, 0, 0, 0, 0, 0, 0, 0]",0
352,304,49106,R,"[0, 0, 0, 0, 0, 0, 0, 0]",0
352,304,49123,R,"[0, 0, 0, 0, 0, 0, 0, 0]",0
353,304,49139,R,"[0, 0, 0, 0, 0, 0, 0, 0]",0
354,304,49156,R,"[0, 0, 0, 0, 0, 0, 0, 0]",0
355,304,49173,R,"[0, 0, 0, 0, 0, 0, 0, 0]",0
356,304,49189,R,"[0, 0, 0, 0, 0, 0, 0, 0]",0
357,304,49206,R,"[0, 0, 0, 0, 0, 0, 0, 0]",0
357,304,49223,R,"[0, 0, 0, 0, 0, 0, 0, 0]",0
358,304,49239,R,"[0, 0, 0, 0, 0, 0, 0, 0]",0
359,304,49256,R,"[0, 0, 0, 0, 0, 0, 0, 0]",0
360,304,49273,R,"[0, 0, 0, 0, 0, 0, 0, 0]",0
361,304,49289,R,"[0, 0, 0, 0, 0, 0, 0, 0]",0
362,304,49306,R,"[0, 0, 0, 0, 0, 0, 0, 0]",0
362,304,49323,R,"[0, 0, 0, 0, 0, 0, 0, 0]",0
363,304,49339,R,"[0, 0, 0, 0, 0, 0, 0, 0]",0
364,304,49356,R,"[0, 0, 0, 0, 0, 0, 0, 0]",0
365,304,49373,R,"[0, 0, 0, 0, 0, 0, 0, 0]",0
366,304,49390,R,"[0, 0, 0, 0, 0, 0, 0, 0]",0
367,304,49406,R,"[0, 0, 0, 0, 0, 0, 0, 0]",0
367,304,49423,R,"[0, 0, 0, 0, 0, 0, 0, 0]",0
368,304,49440,R,"[0, 0, 0, 0, 0, 0, 0, 0]",0
369,304,49456,R,"[0, 0, 0, 0, 0, 0, 0, 0]",0
370,304,49473,R,"[0, 0, 0, 0, 0, 0, 0, 0]",0
371,304,49490,R,"[0, 0, 0, 0, 0, 0, 0, 0]",0
372,304,49506,R,"[0, 0, 0, 0, 0, 0, 0, 0]",0
372,304,49523,R,"[0, 0, 0, 0, 0, 0, 0, 0]",0
373,304,49540,R,"[0, 0, 0, 0, 0, 0, 0, 0]",0
374,304,49556,R,"[0, 0, 0, 0, 0, 0, 0, 0]",0
375,304,49573,R,"[0, 0, 0, 0, 0, 0, 0, 0]",0
376,304,49590,R,"[0, 0, 0, 0, 0, 0, 0, 0]",0
377,304,49606,R,"[0, 0, 0, 0, 0, 0, 0, 0]",0
377,304,49623,R,"[0, 0, 0, 0, 0, 0, 0, 0]",0
378,304,49640,R,"[0, 0, 0, 0, 0, 0, 0, 0]",0
379,304,49656,R,"[0, 0, 0, 0, 0, 0, 0, 0]",0
380,304,49673,R,"[0, 0, 0, 0, 0, 0, 0, 0]",0
381,304,49690,R,"[0, 0, 0, 0, 0, 0, 0, 0]",0
382,304,49706,R,"[0, 0, 0, 0, 0, 0, 0, 0]",0
382,304,49723,R,"[0, 0, 0, 0, 0, 0, 0, 0]",0
383,304,49740,R,"[0, 0, 0, 0, 0, 0, 0, 0]",0
384,304,49756,R,"[0, 0, 0, 0, 0, 0, 0, 0]",0
385,304,49773,R,"[0, 0, 0, 0, 0, 0, 0, 0]",0
386,304,49790,R,"[0, 0, 0, 0, 0, 0, 0, 0]",0
387,304,49806,,"[0, 0, 0, 0, 0, 0, 0, 0]",0
387,304,49823,,"[0, 0, 0, 0, 0, 0, 0, 0]",0
387,304,49840,,"[0, 0, 0, 0, 0, 0, 0, 0]",0
387,304,49856,R,"[0, 0, 0, 0, 0, 0, 0, 0]",0
387,304,49873,R,"[0, 0, 0, 0, 0, 0, 0, 0]",0
388,304,49890,R,"[0, 0, 0, 0, 0, 0, 0, 0]",0
389,304,49906,R,"[0, 0, 0, 0, 0, 0, 0, 0]",0
390,304,49923,R,"[0, 0, 0, 0, 0, 0, 0, 0]",0
391,304,49940,R,"[0, 0, 0, 0, 0, 0, 0, 0]",0
392,304,49956,R,"[0, 0, 0, 0, 0, 0, 0, 0]",0
392,304,49973,R,"[0, 0, 0, 0, 0, 0, 0, 0]",0
393,304,49990,R,"[0, 0, 0, 0, 0, 0, 0, 0]",0
394,304,50006,,"[0, 0, 0, 0, 0, 0, 0, 0]",0
395,304,50023,,"[0, 0, 0, 0, 0, 0, 0, 0]",0
395,304,50040,,"[0, 0, 0, 0, 0, 0, 0, 0]",0
395,304,50056,,"[0, 0, 0, 0, 0, 0, 0, 0]",0
395,304,50073,,"[0, 0, 0, 0, 0, 0, 0, 0]",0
395,304,50090,,"[0, 0, 0, 0, 0, 0, 0, 0]",0
395,304,50106,,"[0, 0, 0, 0, 0, 0, 0, 0]",0
395,304,50123,,"[0, 0, 0, 0, 0, 0, 0, 0]",0
395,304,50140,,"[0, 0, 0, 0, 0, 0, 0, 0]",0
395,304,50157,,"[0, 0, 0, 0, 0, 0, 0, 0]",0
395,304,50207,,"[0, 0, 0, 0, 0, 0, 0, 0]",0
395,304,50223,,"[0, 0, 0, 0, 0, 0, 0, 0]",0
395,304,50240,,"[0, 0, 0, 0, 0, 0, 0, 0]",0
395,304,50257,,"[0, 0, 0, 0, 0, 0, 0, 0]",0
395,304,50273,,"[0, 0, 0, 0, 0, 0, 0, 0]",0
395,304,50290,,"[0, 0, 0, 0, 0, 0, 0, 0]",0
395,304,50307,,"[0, 0, 0, 0, 0, 0, 0, 0]",0
395,304,50323,,"[0, 0, 0, 0, 0, 0, 0, 0]",0
395,304,50340,,"[0, 0, 0, 0, 0, 0, 0, 0]",0
395,304,50357,,"[0, 0, 0, 0, 0, 0, 0, 0]",0
395,304,50373,,"[0, 0, 0, 0, 0, 0, 0, 0]",0
395,304,50390,,"[0, 0, 0, 0, 0, 0, 0, 0]",0
395,304,50407,,"[0, 0, 0, 0, 0, 0, 0, 0]",0
395,304,50423,,"[0, 0, 0, 0, 0, 0, 0, 0]",0
395,304,50440,,"[0, 0, 0, 0, 0, 0, 0, 0]",0
395,304,50457,,"[0, 0, 0, 0, 0, 0, 0, 0]",0
395,304,50473,,"[0, 0, 0, 0, 0, 0, 0, 0]",0
395,304,50490,,"[0, 0, 0, 0, 0, 0, 0, 0]",0
395,304,50507,,"[0, 0, 0, 0, 0, 0, 0, 0]",0
395,304,50523,,"[0, 0, 0, 0, 0, 0, 0, 0]",0
395,304,50540,,"[0, 0, 0, 0, 0, 0, 0, 0]",0
395,304,50557,,"[0, 0, 0, 0, 0, 0, 0, 0]",0
395,304,50573,,"[0, 0, 0, 0, 0, 0, 0, 0]",0
395,304,50590,,"[0, 0, 0, 0, 0, 0, 0, 0]",0
395,304,50607,,"[0, 0, 0, 0, 0, 0, 0, 0]",0
395,304,50623,,"[0, 0, 0, 0, 0, 0, 0, 0]",0
395,304,50640,,"[0, 0, 0, 0, 0, 0, 0, 0]",0
395,304,50657,,"[0, 0, 0, 0, 0, 0, 0, 0]",0
395,304,50673,,"[0, 0, 0, 0, 0, 0, 0, 0]",0
395,304,50690,,"[0, 0, 0, 0, 0, 0, 0, 0]",0
395,304,50707,,"[0, 0, 0, 0, 0, 0, 0, 0]",0
395,304,50723,,"[0, 0, 0, 0, 0, 0, 0, 0]",0
395,304,50740,,"[0, 0, 0, 0, 0, 0, 0, 0]",0
395,304,50757,,"[0, 0, 0, 0, 0, 0, 0, 0]",0
395,304,50773,,"[0, 0, 0, 0, 0, 0, 0, 0]",0
395,304,50790,,"[0, 0, 0, 0, 0, 0, 0, 0]",0
395,304,50807,,"[0, 0, 0, 0, 0, 0, 0, 0]",0
395,304,50823,,"[0, 0, 0, 0, 0, 0, 0, 0]",0
395,304,50840,,"[0, 0, 0, 0, 0, 0, 0, 0]",0
395,304,50857,,"[0, 0, 0, 0, 0, 0, 0, 0]",0
395,304,50873,,"[0, 0, 0, 0, 0, 0, 0, 0]",0
395,304,50890,,"[0, 0, 0, 0, 0, 0, 0, 0]",0
395,304,50907,,"[0, 0, 0, 0, 0, 0, 0, 0]",0
395,304,50924,,"[0, 0, 0, 0, 0, 0, 0, 0]",0
395,304,50940,,"[0, 0, 0, 0, 0, 0, 0, 0]",0
395,304,50957,,"[0, 0, 0, 0, 0, 0, 0, 0]",0
395,304,50974,,"[0, 0, 0, 0, 0, 0, 0, 0]",0
395,304,50990,,"[0, 0, 0, 0, 0, 0, 0, 0]",0
395,304,51007,,"[0, 0, 0, 0, 0, 0, 0, 0]",0
395,304,51024,,"[0, 0, 0, 0, 0, 0, 0, 0]",0
395,304,51040,,"[0, 0, 0, 0, 0, 0, 0, 0]",0
395,304,51057,,"[0, 0, 0, 0, 0, 0, 0, 0]",0
395,304,51074,,"[0, 0, 0, 0, 0, 0, 0, 0]",0
395,304,51090,,"[0, 0, 0, 0, 0, 0, 0, 0]",0
395,304,51107,,"[0, 0, 0, 0, 0, 0, 0, 0]",0
395,304,51124,,"[0, 0, 0, 0, 0, 0, 0, 0]",0
395,304,51140,,"[0, 0, 0, 0, 0, 0, 0, 0]",0
395,304,51157,,"[0, 0, 0, 0, 0, 0, 0, 0]",0
395,304,51174,,"[0, 0, 0, 0, 0, 0, 0, 0]",0
395,304,51190,,"[0, 0, 0, 0, 0, 0, 0, 0]",0
395,304,51207,,"[0, 0, 0, 0, 0, 0, 0, 0]",0
395,304,51224,,"[0, 0, 0, 0, 0, 0, 0, 0]",0
395,304,51240,,"[0, 0, 0, 0, 0, 0, 0, 0]",0
395,304,51257,,"[0, 0, 0, 0, 0, 0, 0, 0]",0
395,304,51274,,"[0, 0, 0, 0, 0, 0, 0, 0]",0
395,304,51290,,"[0, 0, 0, 0, 0, 0, 0, 0]",0
395,304,51307,,"[0, 0, 0, 0, 0, 0, 0, 0]",0
395,304,51324,,"[0, 0, 0, 0, 0, 0, 0, 0]",0
395,304,51340,,"[0, 0, 0, 0, 0, 0, 0, 0]",0
395,304,51357,,"[0, 0, 0, 0, 0, 0, 0, 0]",0
395,304,51374,,"[0, 0, 0, 0, 0, 0, 0, 0]",0
395,304,51390,,"[0, 0, 0, 0, 0, 0, 0, 0]",0
395,304,51407,,"[0, 0, 0, 0, 0, 0, 0, 0]",0
395,304,51424,,"[0, 0, 0, 0, 0, 0, 0, 0]",0
395,304,51440,,"[0, 0, 0, 0, 0, 0, 0, 0]",0
395,304,51457,,"[0, 0, 0, 0, 0, 0, 0, 0]",0
395,304,51474,,"[0, 0, 0, 0, 0, 0, 0, 0]",0
395,304,51490,,"[0, 0, 0, 0, 0, 0, 0, 0]",0
395,304,51507,,"[0, 0, 0, 0, 0, 0, 0, 0]",0
395,304,51524,,"[0, 0, 0, 0, 0, 0, 0, 0]",0
395,304,51540,,"[0, 0, 0, 0, 0, 0, 0, 0]",0
395,304,51557,,"[0, 0, 0, 0, 0, 0, 0, 0]",0
395,304,51574,,"[0, 0, 0, 0, 0, 0, 0, 0]",0
395,304,51590,,"[0, 0, 0, 0, 0, 0, 0, 0]",0
395,304,51607,U,"[0, 0, 0, 0, 0, 0, 0, 0]",0
395,304,51624,U,"[0, 0, 0, 0, 0, 0, 0, 0]",0
395,303,51641,U,"[0, 0, 0, 0, 0, 0, 0, 0]",0
395,301,51657,U,"[0, 0, 0, 0, 0, 0, 0, 0]",0
395,299,51674,U,"[0, 0, 0, 0, 0, 0, 0, 0]",0
395,298,51691,U,"[0, 0, 0, 0, 0, 0, 0, 0]",0
395,296,51707,U,"[0, 0, 0, 0, 0, 0, 0, 0]",0
395,294,51724,U,"[0, 0, 0, 0, 0, 0, 0, 0]",0
395,293,51741,U,"[0, 0, 0, 0, 0, 0, 0, 0]",0
395,291,51757,U,"[0, 0, 0, 0, 0, 0, 0, 0]",0
395,289,51774,U,"[0, 0, 0, 0, 0, 0, 0, 0]",0
395,288,51791,U,"[0, 0, 0, 0, 0, 0, 0, 0]",0
395,286,51807,U,"[0, 0, 0, 0, 0, 0, 0, 0]",0
395,284,51824,U,"[0, 0, 0, 0, 0, 0, 0, 0]",0
395,283,51841,U,"[0, 0, 0, 0, 0, 0, 0, 0]",0
395,281,51857,U,"[0, 0, 0, 0, 0, 0, 0, 0]",0
395,279,51874,U,"[0, 0, 0, 0, 0, 0, 0, 0]",0
395,278,51891,U,"[0, 0, 0, 0, 0, 0, 0, 0]",0
395,276,51907,U,"[0, 0, 0, 0, 0, 0, 0, 0]",0
395,274,51924,U,"[0, 0, 0, 0, 0, 0, 0, 0]",0
395,273,51941,U,"[0, 0, 0, 0, 0, 0, 0, 0]",0
395,271,51957,U,"[0, 0, 0, 0, 0, 0, 0, 0]",0
395,269,51974,U,"[0, 0, 0, 0, 0, 0, 0, 0]",0
395,268,51991,U,"[0, 0, 0, 0, 0, 0, 0, 0]",0
395,266,52007,U,"[0, 0, 0, 0, 0, 0, 0, 0]",0
395,264,52024,U,"[0, 0, 0, 0, 0, 0, 0, 0]",0
395,263,52041,U,"[0, 0, 0, 0, 0, 0, 0, 0]",0
395,261,52057,U,"[0, 0, 0, 0, 0, 0, 0, 0]",0
395,259,52074,U,"[0, 0, 0, 0, 0, 0, 0, 0]",0
395,258,52091,U,"[0, 0, 0, 0, 0, 0, 0, 0]",0
395,256,52107,U,"[0, 0, 0, 0, 0, 0, 0, 0]",0
395,254,52124,U,"[0, 0, 0, 0, 0, 0, 0, 0]",0
395,253,52141,U,"[0, 0, 0, 0, 0, 0, 0, 0]",0
395,251,52157,U,"[0, 0, 0, 0, 0, 0, 0, 0]",0
395,249,52174,U,"[0, 0, 0, 0, 0, 0, 0, 0]",0
395,248,52191,U,"[0, 0, 0, 0, 0, 0, 0, 0]",0
395,246,52207,U,"[0, 0, 0, 0, 0, 0, 0, 0]",0
395,244,52224,U,"[0, 0, 0, 0, 0, 0, 0, 0]",0
395,243,52241,U,"[0, 0, 0, 0, 0, 0, 0, 0]",0
395,241,52257,U,"[0, 0, 0, 0, 0, 0, 0, 0]",0
395,239,52274,U,"[0, 0, 0, 0, 0, 0, 0, 0]",0
395,238,52291,U,"[0, 0, 0, 0, 0, 0, 0, 0]",0
395,236,52307,U,"[0, 0, 0, 0, 0, 0, 0, 0]",0
395,234,52324,U,"[0, 0, 0, 0, 0, 0, 0, 0]",0
395,233,52341,U,"[0, 0, 0, 0, 0, 0, 0, 0]",0
395,231,52357,U,"[0, 0, 0, 0, 0, 0, 0, 0]",0
395,229,52374,U,"[0, 0, 0, 0, 0, 0, 0, 0]",0
395,228,52391,U,"[0, 0, 0, 0, 0, 0, 0, 0]",0
395,226,52408,U,"[0, 0, 0, 0, 0, 0, 0, 0]",0
395,224,52424,U,"[0, 0, 0, 0, 0, 0, 0, 0]",0
395,223,52441,U,"[0, 0, 0, 0, 0, 0, 0, 0]",0
395,221,52458,U,"[0, 0, 0, 0, 0, 0, 0, 0]",0
395,219,52474,U,"[0, 0, 0, 0, 0, 0, 0, 0]",0
395,218,52491,U,"[0, 0, 0, 0, 0, 0, 0, 0]",0
395,216,52508,U,"[0, 0, 0, 0, 0, 0, 0, 0]",0
395,214,52524,U,"[0, 0, 0, 0, 0, 0, 0, 0]",0
395,213,52541,U,"[0, 0, 0, 0, 0, 0, 0, 0]",0
395,211,52558,U,"[0, 0, 0, 0, 0, 0, 0, 0]",0
395,209,52574,U,"[0, 0, 0, 0, 0, 0, 0, 0]",0
395,208,52591,U,"[0, 0, 0, 0, 0, 0, 0, 0]",0
395,206,52608,U,"[0, 0, 0, 0, 0, 0, 0, 0]",0
395,204,52624,U,"[0, 0, 0, 0, 0, 0, 0, 0]",0
395,203,52641,U,"[0, 0, 0, 0, 0, 0, 0, 0]",0
395,201,52658,U,"[0, 0, 0, 0, 0, 0, 0, 0]",0
395,199,52674,U,"[0, 0, 0, 0, 0, 0, 0, 0]",0
395,198,52691,U,"[0, 0, 0, 0, 0, 0, 0, 0]",0
395,196,52708,U,"[0, 0, 0, 0, 0, 0, 0, 0]",0
395,194,52724,U,"[0, 0, 0, 0, 0, 0, 0, 0]",0
395,193,52741,U,"[0, 0, 0, 0, 0, 0, 0, 0]",0
395,191,52758,U,"[0, 0, 0, 0, 0, 0, 0, 0]",0
395,189,52774,U,"[0, 0, 0, 0, 0, 0, 0, 0]",0
395,188,52791,U,"[0, 0, 0, 0, 0, 0, 0, 0]",0
395,186,52808,U,"[0, 0, 0, 0, 0, 0, 0, 0]",0
395,184,52824,U,"[0, 0, 0, 0, 0, 0, 0, 0]",0
395,183,52841,U,"[0, 0, 0, 0, 0, 0, 0, 0]",0
395,181,52858,U,"[0, 0, 0, 0, 0, 0, 0, 0]",0
395,179,52874,U,"[0, 0, 0, 0, 0, 0, 0, 0]",0
395,178,52891,U,"[0, 0, 0, 0, 0, 0, 0, 0]",0
395,176,52908,U,"[0, 0, 0, 0, 0, 0, 0, 0]",0
395,174,52924,U,"[0, 0, 0, 0, 0, 0, 0, 0]",0
395,173,52941,U,"[0, 0, 0, 0, 0, 0, 0, 0]",0
395,171,52958,U,"[0, 0, 0, 0, 0, 0, 0, 0]",0
395,169,52974,U,"[0, 0, 0, 0, 0, 0, 0, 0]",0
395,168,52991,U,"[0, 0, 0, 0, 0, 0, 0, 0]",0
395,166,53008,U,"[0, 0, 0, 0, 0, 0, 0, 0]",0
395,164,53024,U,"[0, 0, 0, 0, 0, 0, 0, 0]",0
395,163,53041,U,"[0, 0, 0, 0, 0, 0, 0, 0]",0
395,161,53058,U,"[0, 0, 0, 0, 0, 0, 0, 0]",0
395,159,53074,U,"[0, 0, 0, 0, 0, 0, 0, 0]",0
395,158,53091,U,"[0, 0, 0, 0, 0, 0, 0, 0]",0
395,156,53108,U,"[0, 0, 0, 0, 0, 0, 0, 0]",0
395,154,53124,UR,"[0, 0, 0, 0, 0, 0, 0, 0]",0
395,153,53141,UR,"[0, 0, 0, 0, 0, 0, 0, 0]",0
395,151,53158,R,"[0, 0, 0, 0, 0, 0, 0, 0]",0
395,149,53175,R,"[0, 0, 0, 0, 0, 0, 0, 0]",0
397,149,53191,R,"[0, 0, 0, 0, 0, 0, 0, 0]",0
398,149,53208,R,"[0, 0, 0, 0, 0, 0, 0, 0]",0
400,149,53225,R,"[0, 0, 0, 0, 0, 0, 0, 0]",0
402,149,53241,R,"[0, 0, 0, 0, 0, 0, 0, 0]",0
403,149,53258,R,"[0, 0, 0, 0, 0, 0, 0, 0]",0
405,149,53275,R,"[0, 0, 0, 0, 0, 0, 0, 0]",0
407,149,53291,R,"[0, 0, 0, 0, 0, 0, 0, 0]",0
408,149,53308,R,"[0, 0, 0, 0, 0, 0, 0, 0]",0
410,149,53325,R,"[0, 0, 0, 0, 0, 0, 0, 0]",0
412,149,53341,,"[0, 0, 0, 0, 0, 0, 0, 0]",0
413,149,53358,,"[0, 0, 0, 0, 0, 0, 0, 0]",0
413,149,53375,,"[0, 0, 0, 0, 0, 0, 0, 0]",0
413,149,53391,,"[0, 0, 0, 0, 0, 0, 0, 0]",0
413,149,53408,,"[0, 0, 0, 0, 0, 0, 0, 0]",0
413,149,53425,,"[0, 0, 0, 0, 0, 0, 0, 0]",0
413,149,53441,,"[0, 0, 0, 0, 0, 0, 0, 0]",0
413,149,53458,R,"[0, 0, 0, 0, 0, 0, 0, 0]",0
413,149,53475,R,"[0, 0, 0, 0, 0, 0, 0, 0]",0
415,149,53491,R,"[0, 0, 0, 0, 0, 0, 0, 0]",0
417,149,53508,,"[0, 0, 0, 0, 0, 0, 0, 0]",0
418,149,53525,,"[0, 0, 0, 0, 0, 0, 0, 0]",0
418,149,53541,,"[0, 0, 0, 0, 0, 0, 0, 0]",0
418,149,53558,,"[0, 0, 0, 0, 0, 0, 0, 0]",0
418,149,53575,,"[0, 0, 0, 0, 0, 0, 0, 0]",0
418,149,53591,U,"[0, 0, 0, 0, 0, 0, 0, 0]",0
418,149,53608,U,"[0, 0, 0, 0, 0, 0, 0, 0]",0
418,148,53625,U,"[0, 0, 0, 0, 0, 0, 0, 0]",0
418,146,53641,U,"[0, 0, 0, 0, 0, 0, 0, 0]",0
418,144,53658,U,"[0, 0, 0, 0, 0, 0, 0, 0]",0
418,143,53675,U,"[0, 0, 0, 0, 0, 0, 0, 0]",0
418,141,53691,U,"[0, 0, 0, 0, 0, 0, 0, 0]",0
418,139,53708,U,"[0, 0, 0, 0, 0, 0, 0, 0]",0
418,138,53725,U,"[0, 0, 0, 0, 0, 0, 0, 0]",0
418,136,53741,U,"[0, 0, 0, 0, 0, 0, 0, 0]",0
418,134,53758,U,"[0, 0, 0, 0, 0, 0, 0, 0]",0
418,133,53775,U,"[0, 0, 0, 0, 0, 0, 0, 0]",0
418,131,53791,U,"[0, 0, 0, 0, 0, 0, 0, 0]",0
418,129,53808,U,"[0, 0, 0, 0, 0, 0, 0, 0]",0
418,128,53825,U,"[0, 0, 0, 0, 0, 0, 0, 0]",0
418,126,53841,U,"[0, 0, 0, 0, 0, 0, 0, 0]",0
418,124,53858,U,"[0, 0, 0, 0, 0, 0, 0, 0]",0
418,123,53875,U,"[0, 0, 0, 0, 0, 0, 0, 0]",0
418,121,53891,U,"[0, 0, 0, 0, 0, 0, 0, 0]",0
418,119,53908,U,"[0, 0, 0, 0, 0, 0, 0, 0]",0
418,118,53925,U,"[0, 0, 0, 0, 0, 0, 0, 0]",0
418,116,53942,,"[0, 0, 0, 0, 0, 0, 0, 0]",0
418,114,53958,R,"[0, 0, 0, 0, 0, 0, 0, 0]",0
418,114,53975,R,"[0, 0, 0, 0, 0, 0, 0, 0]",0
420,114,53992,R,"[0, 0, 0, 0, 0, 0, 0, 0]",0
422,114,54008,R,"[0, 0, 0, 0, 0, 0, 0, 0]",0
423,114,54025,R,"[0, 0, 0, 0, 0, 0, 0, 0]",0
425,114,54042,R,"[0, 0, 0, 0, 0, 0, 0, 0]",0
427,114,54058,R,"[0, 0, 0, 0, 0, 0, 0, 0]",0
428,114,54075,R,"[0, 0, 0, 0, 0, 0, 0, 0]",0
430,114,54092,R,"[0, 0, 0, 0, 0, 0, 0, 0]",0
432,114,54108,R,"[0, 0, 0, 0, 0, 0, 0, 0]",0
433,114,54125,R,"[0, 0, 0, 0, 0, 0, 0, 0]",0
435,114,54142,R,"[0, 0, 0, 0, 0, 0, 0, 0]",0
437,114,54158,R,"[0, 0, 0, 0, 0, 0, 0, 0]",0
438,114,54175,R,"[0, 0, 0, 0, 0, 0, 0, 0]",0
440,114,54208,R,"[0, 0, 0, 0, 0, 0, 0, 0]",0
442,114,54242,R,"[0, 0, 0, 0, 0, 0, 0, 0]",0
443,114,54275,R,"[0, 0, 0, 0, 0, 0, 0, 0]",0
445,114,54292,R,"[0, 0, 0, 0, 0, 0, 0, 0]",0
447,114,54325,R,"[0, 0, 0, 0, 0, 0, 0, 0]",0
448,114,54342,R,"[0, 0, 0, 0, 0, 0, 0, 0]",0
450,114,54392,R,"[0, 0, 0, 0, 0, 0, 0, 0]",0
452,114,54408,R,"[0, 0, 0, 0, 0, 0, 0, 0]",0
453,114,54425,R,"[0, 0, 0, 0, 0, 0, 0, 0]",0
455,114,54442,R,"[0, 0, 0, 0, 0, 0, 0, 0]",0
457,114,54458,R,"[0, 0, 0, 0, 0, 0, 0, 0]",0
458,114,54475,R,"[0, 0, 0, 0, 0, 0, 0, 0]",0
460,114,54492,R,"[0, 0, 0, 0, 0, 0, 0, 0]",0
462,114,54508,R,"[0, 0, 0, 0, 0, 0, 0, 0]",0
463,114,54525,R,"[0, 0, 0, 0, 0, 0, 0, 0]",0
465,114,54542,R,"[0, 0, 0, 0, 0, 0, 0, 0]",0
467,114,54558,R,"[0, 0, 0, 0, 0, 0, 0, 0]",0
468,114,54575,R,"[0, 0, 0, 0, 0, 0, 0, 0]",0
470,114,54592,R,"[0, 0, 0, 0, 0, 0, 0, 0]",0
472,114,54608,R,"[0, 0, 0, 0, 0, 0, 0, 0]",0
473,114,54625,R,"[0, 0, 0, 0, 0, 0, 0, 0]",0
475,114,54642,R,"[0, 0, 0, 0, 0, 0, 0, 0]",0
477,114,54658,R,"[0, 0, 0, 0, 0, 0, 0, 0]",0
478,114,54675,R,"[0, 0, 0, 0, 0, 0, 0, 0]",0
480,114,54692,R,"[0, 0, 0, 0, 0, 0, 0, 0]",0
482,114,54709,R,"[0, 0, 0, 0, 0, 0, 0, 0]",0
483,114,54725,R,"[0, 0, 0, 0, 0, 0, 0, 0]",0
485,114,54742,R,"[0, 0, 0, 0, 0, 0, 0, 0]",0
487,114,54759,R,"[0, 0, 0, 0, 0, 0, 0, 0]",0
488,114,54775,R,"[0, 0, 0, 0, 0, 0, 0, 0]",0
490,114,54792,R,"[0, 0, 0, 0, 0, 0, 0, 0]",0
492,114,54809,R,"[0, 0, 0, 0, 0, 0, 0, 0]",0
493,114,54825,R,"[0, 0, 0, 0, 0, 0, 0, 0]",0
495,114,54842,R,"[0, 0, 0, 0, 0, 0, 0, 0]",0
497,114,54859,R,"[0, 0, 0, 0, 0, 0, 0, 0]",0
498,114,54875,R,"[0, 0, 0, 0, 0, 0, 0, 0]",0
500,114,54892,R,"[0, 0, 0, 0, 0, 0, 0, 0]",0
502,114,54909,R,"[0, 0, 0, 0, 0, 0, 0, 0]",0
503,114,54925,R,"[0, 0, 0, 0, 0, 0, 0, 0]",0
505,114,54942,R,"[0, 0, 0, 0, 0, 0, 0, 0]",0
507,114,54959,R,"[0, 0, 0, 0, 0, 0, 0, 0]",0
508,114,54975,R,"[0, 0, 0, 0, 0, 0, 0, 0]",0
510,114,54992,R,"[0, 0, 0, 0, 0, 0, 0, 0]",0
512,114,55009,R,"[0, 0, 0, 0, 0, 0, 0, 0]",0
513,114,55025,R,"[0, 0, 0, 0, 0, 0, 0, 0]",0
515,114,55042,R,"[0, 0, 0, 0, 0, 0, 0, 0]",0
517,114,55059,U,"[0, 0, 0, 0, 0, 0, 0, 0]",0
518,114,55075,U,"[0, 0, 0, 0, 0, 0, 0, 0]",0
518,113,55092,U,"[0, 0, 0, 0, 0, 0, 0, 0]",0
518,111,55109,U,"[0, 0, 0, 0, 0, 0, 0, 0]",0
518,109,55125,U,"[0, 0, 0, 0, 0, 0, 0, 0]",0
518,108,55142,,"[0, 0, 0, 0, 0, 0, 0, 0]",0
518,106,55159,,"[0, 0, 0, 0, 0, 0, 0, 0]",0
518,106,55175,,"[0, 0, 0, 0, 0, 0, 0, 0]",0
518,106,55192,,"[0, 0, 0, 0, 0, 0, 0, 0]",0
518,106,55209,,"[0, 0, 0, 0, 0, 0, 0, 0]",0
518,106,55225,,"[0, 0, 0, 0, 0, 0, 0, 0]",0
518,106,55242,,"[0, 0, 0, 0, 0, 0, 0, 0]",0
518,106,55259,,"[0, 0, 0, 0, 0, 0, 0, 0]",0
518,106,55275,,"[0, 0, 0, 0, 0, 0, 0, 0]",0
518,106,55292,,"[0, 0, 0, 0, 0, 0, 0, 0]",0
518,106,55309,,"[0, 0, 0, 0, 0, 0, 0, 0]",0
518,106,55325,,"[0, 0, 0, 0, 0, 0, 0, 0]",0
518,106,55342,,"[0, 0, 0, 0, 0, 0, 0, 0]",0
518,106,55359,,"[0, 0, 0, 0, 0, 0, 0, 0]",0
518,106,55375,,"[0, 0, 0, 0, 0, 0, 0, 0]",0
518,106,55392,,"[0, 0, 0, 0, 0, 0, 0, 0]",0
518,106,55409,,"[0, 0, 0, 0, 0, 0, 0, 0]",0
518,106,55426,,"[0, 0, 0, 0, 0, 0, 0, 0]",0
518,106,55442,U,"[0, 0, 0, 0, 0, 0, 0, 0]",0
518,106,55459,U,"[0, 0, 0, 0, 0, 0, 0, 0]",0
518,104,55476,U,"[0, 0, 0, 0, 0, 0, 0, 0]",0
518,104,55492,U,"[0, 0, 0, 0, 0, 0, 0, 0]",0
518,104,55509,U,"[0, 0, 0, 0, 0, 0, 0, 0]",0
518,104,55526,U,"[0, 0, 0, 0, 0, 0, 0, 0]",0
518,104,55543,U,"[0, 0, 0, 0, 0, 0, 0, 0]",0
518,104,55559,U,"[0, 0, 0, 0, 0, 0, 0, 0]",0
518,104,55576,U,"[0, 0, 0, 0, 0, 0, 0, 0]",0
518,104,55593,U,"[0, 0, 0, 0, 0, 0, 0, 0]",0
518,104,55609,U,"[0, 0, 0, 0, 0, 0, 0, 0]",0
518,104,55626,U,"[0, 0, 0, 0, 0, 0, 0, 0]",0
518,104,55643,U,"[0, 0, 0, 0, 0, 0, 0, 0]",0
518,104,55659,U,"[0, 0, 0, 0, 0, 0, 0, 0]",0
518,104,55676,U,"[0, 0, 0, 0, 0, 0, 0, 0]",0
518,104,55693,U,"[0, 0, 0, 0, 0, 0, 0, 0]",0
518,104,55709,U,"[0, 0, 0, 0, 0, 0, 0, 0]",0
518,104,55726,U,"[0, 0, 0, 0, 0, 0, 0, 0]",0
518,104,55743,U,"[0, 0, 0, 0, 0, 0, 0, 0]",0
518,104,55759,U,"[0, 0, 0, 0, 0, 0, 0, 0]",0
518,104,55776,U,"[0, 0, 0, 0, 0, 0, 0, 0]",0
518,104,55793,U,"[0, 0, 0, 0, 0, 0, 0, 0]",0
518,104,55809,U,"[0, 0, 0, 0, 0, 0, 0, 0]",0
518,104,55826,U,"[0, 0, 0, 0, 0, 0, 0, 0]",0
518,104,55843,U,"[0, 0, 0, 0, 0, 0, 0, 0]",0
518,104,55859,U,"[0, 0, 0, 0, 0, 0, 0, 0]",0
518,104,55876,U,"[0, 0, 0, 0, 0, 0, 0, 0]",0
518,104,55893,U,"[0, 0, 0, 0, 0, 0, 0, 0]",0
518,104,55909,U,"[0, 0, 0, 0, 0, 0, 0, 0]",0
518,104,55926,U,"[0, 0, 0, 0, 0, 0, 0, 0]",0
518,104,55943,U,"[0, 0, 0, 0, 0, 0, 0, 0]",0
518,104,55960,U,"[0, 0, 0, 0, 0, 0, 0, 0]",0
518,104,55976,U,"[0, 0, 0, 0, 0, 0, 0, 0]",0
518,104,55993,U,"[0, 0, 0, 0, 0, 0, 0, 0]",0
518,104,56010,U,"[0, 0, 0, 0, 0, 0, 0, 0]",0
518,104,56026,U,"[0, 0, 0, 0, 0, 0, 0, 0]",0
518,104,56043,U,"[0, 0, 0, 0, 0, 0, 0, 0]",0
518,104,56060,U,"[0, 0, 0, 0, 0, 0, 0, 0]",0
518,104,56076,U,"[0, 0, 0, 0, 0, 0, 0, 0]",0
518,104,56093,U,"[0, 0, 0, 0, 0, 0, 0, 0]",0
518,104,56110,,"[0, 0, 0, 0, 0, 0, 0, 0]",0
518,104,56126,,"[0, 0, 0, 0, 0, 0, 0, 0]",0
518,104,56143,,"[0, 0, 0, 0, 0, 0, 0, 0]",0
518,104,56160,,"[0, 0, 0, 0, 0, 0, 0, 0]",0
518,104,56176,,"[0, 0, 0, 0, 0, 0, 0, 0]",0
518,104,56193,,"[0, 0, 0, 0, 0, 0, 0, 0]",0
518,104,56210,,"[0, 0, 0, 0, 0, 0, 0, 0]",0
518,104,56226,,"[0, 0, 0, 0, 0, 0, 0, 0]",0
518,104,56243,,"[0, 0, 0, 0, 0, 0, 0, 0]",0
518,104,56260,,"[0, 0, 0, 0, 0, 0, 0, 0]",0
518,104,56276,,"[0, 0, 0, 0, 0, 0, 0, 0]",0
518,104,56293,,"[0, 0, 0, 0, 0, 0, 0, 0]",0
518,104,56310,,"[0, 0, 0, 0, 0, 0, 0, 0]",0
518,104,56326,,"[0, 0, 0, 0, 0, 0, 0, 0]",0
518,104,56343,,"[0, 0, 0, 0, 0, 0, 0, 0]",0
518,104,56360,D,"[0, 0, 0, 0, 0, 0, 0, 0]",0
518,104,56376,D,"[0, 0, 0, 0, 0, 0, 0, 0]",0
518,106,56393,D,"[0, 0, 0, 0, 0, 0, 0, 0]",0
518,107,56410,D,"[0, 0, 0, 0, 0, 0, 0, 0]",0
518,109,56426,D,"[0, 0, 0, 0, 0, 0, 0, 0]",0
518,111,56443,D,"[0, 0, 0, 0, 0, 0, 0, 0]",0
518,112,56460,D,"[0, 0, 0, 0, 0, 0, 0, 0]",0
518,114,56476,D,"[0, 0, 0, 0, 0, 0, 0, 0]",0
518,116,56493,D,"[0, 0, 0, 0, 0, 0, 0, 0]",0
518,117,56510,D,"[0, 0, 0, 0, 0, 0, 0, 0]",0
518,119,56526,D,"[0, 0, 0, 0, 0, 0, 0, 0]",0
518,120,56543,D,"[0, 0, 0, 0, 0, 0, 0, 0]",0
518,120,56560,,"[0, 0, 0, 0, 0, 0, 0, 0]",0
518,120,56576,,"[0, 0, 0, 0, 0, 0, 0, 0]",0
518,120,56593,,"[0, 0, 0, 0, 0, 0, 0, 0]",0
518,120,56610,,"[0, 0, 0, 0, 0, 0, 0, 0]",0
518,120,56626,,"[0, 0, 0, 0, 0, 0, 0, 0]",0
518,120,56643,,"[0, 0, 0, 0, 0, 0, 0, 0]",0
518,120,56660,,"[0, 0, 0, 0, 0, 0, 0, 0]",0
518,120,56677,,"[0, 0, 0, 0, 0, 0, 0, 0]",0
518,120,56693,,"[0, 0, 0, 0, 0, 0, 0, 0]",0
518,120,56710,,"[0, 0, 0, 0, 0, 0, 0, 0]",0
518,120,56727,,"[0, 0, 0, 0, 0, 0, 0, 0]",0
518,120,56743,,"[0, 0, 0, 0, 0, 0, 0, 0]",0
518,120,56760,,"[0, 0, 0, 0, 0, 0, 0, 0]",0
518,120,56777,,"[0, 0, 0, 0, 0, 0, 0, 0]",0
518,120,56793,L,"[0, 0, 0, 0, 0, 0, 0, 0]",0
518,120,56810,L,"[0, 0, 0, 0, 0, 0, 0, 0]",0
517,120,56827,L,"[0, 0, 0, 0, 0, 0, 0, 0]",0
515,120,56843,L,"[0, 0, 0, 0, 0, 0, 0, 0]",0
513,120,56860,L,"[0, 0, 0, 0, 0, 0, 0, 0]",0
512,120,56877,L,"[0, 0, 0, 0, 0, 0, 0, 0]",0
510,120,56893,L,"[0, 0, 0, 0, 0, 0, 0, 0]",0
508,120,56910,L,"[0, 0, 0, 0, 0, 0, 0, 0]",0
507,120,56927,L,"[0, 0, 0, 0, 0, 0, 0, 0]",0
505,120,56943,L,"[0, 0, 0, 0, 0, 0, 0, 0]",0
503,120,56960,L,"[0, 0, 0, 0, 0, 0, 0, 0]",0
502,120,56977,L,"[0, 0, 0, 0, 0, 0, 0, 0]",0
500,120,56993,L,"[0, 0, 0, 0, 0, 0, 0, 0]",0
498,120,57010,L,"[0, 0, 0, 0, 0, 0, 0, 0]",0
497,120,57027,L,"[0, 0, 0, 0, 0, 0, 0, 0]",0
495,120,57043,L,"[0, 0, 0, 0, 0, 0, 0, 0]",0
493,120,57060,L,"[0, 0, 0, 0, 0, 0, 0, 0]",0
492,120,57077,L,"[0, 0, 0, 0, 0, 0, 0, 0]",0
490,120,57093,L,"[0, 0, 0, 0, 0, 0, 0, 0]",0
488,120,57110,L,"[0, 0, 0, 0, 0, 0, 0, 0]",0
487,120,57127,L,"[0, 0, 0, 0, 0, 0, 0, 0]",0
485,120,57143,,"[0, 0, 0, 0, 0, 0, 0, 0]",0
483,120,57160,,"[0, 0, 0, 0, 0, 0, 0, 0]",0
483,120,57177,,"[0, 0, 0, 0, 0, 0, 0, 0]",0
483,120,57193,,"[0, 0, 0, 0, 0, 0, 0, 0]",0
483,120,57210,,"[0, 0, 0, 0, 0, 0, 0, 0]",0
483,120,57227,,"[0, 0, 0, 0, 0, 0, 0, 0]",0
483,120,57243,,"[0, 0, 0, 0, 0, 0, 0, 0]",0
483,120,57260,,"[0, 0, 0, 0, 0, 0, 0, 0]",0
483,120,57277,,"[0, 0, 0, 0, 0, 0, 0, 0]",0
483,120,57293,,"[0, 0, 0, 0, 0, 0, 0, 0]",0
483,120,57310,,"[0, 0, 0, 0, 0, 0, 0, 0]",0
483,120,57327,,"[0, 0, 0, 0, 0, 0, 0, 0]",0
483,120,57343,,"[0, 0, 0, 0, 0, 0, 0, 0]",0
483,120,57360,,"[0, 0, 0, 0, 0, 0, 0, 0]",0
483,120,57377,,"[0, 0, 0, 0, 0, 0, 0, 0]",0
483,120,57393,,"[0, 0, 0, 0, 0, 0, 0, 0]",0
483,120,57410,,"[0, 0, 0, 0, 0, 0, 0, 0]",0
483,120,57427,,"[0, 0, 0, 0, 0, 0, 0, 0]",0
483,120,57444,,"[0, 0, 0, 0, 0, 0, 0, 0]",0
483,120,57460,,"[0, 0, 0, 0, 0, 0, 0, 0]",0
483,120,57477,,"[0, 0, 0, 0, 0, 0, 0, 0]",0
483,120,57494,,"[0, 0, 0, 0, 0, 0, 0, 0]",0
483,120,57510,,"[0, 0, 0, 0, 0, 0, 0, 0]",0
483,120,57527,,"[0, 0, 0, 0, 0, 0, 0, 0]",0
483,120,57544,,"[0, 0, 0, 0, 0, 0, 0, 0]",0
483,120,57560,,"[0, 0, 0, 0, 0, 0, 0, 0]",0
483,120,57577,,"[0, 0, 0, 0, 0, 0, 0, 0]",0
483,120,57594,,"[0, 0, 0, 0, 0, 0, 0, 0]",0
483,120,57610,L,"[0, 0, 0, 0, 0, 0, 0, 0]",0
483,120,57627,L,"[0, 0, 0, 0, 0, 0, 0, 0]",0
482,120,57644,L,"[0, 0, 0, 0, 0, 0, 0, 0]",0
480,120,57660,L,"[0, 0, 0, 0, 0, 0, 0, 0]",0
478,120,57677,L,"[0, 0, 0, 0, 0, 0, 0, 0]",0
477,120,57694,L,"[0, 0, 0, 0, 0, 0, 0, 0]",0
475,120,57710,L,"[0, 0, 0, 0, 0, 0, 0, 0]",0
473,120,57727,L,"[0, 0, 0, 0, 0, 0, 0, 0]",0
472,120,57744,L,"[0, 0, 0, 0, 0, 0, 0, 0]",0
470,120,57760,L,"[0, 0, 0, 0, 0, 0, 0, 0]",0
468,120,57777,L,"[0, 0, 0, 0, 0, 0, 0, 0]",0
467,120,57794,L,"[0, 0, 0, 0, 0, 0, 0, 0]",0
465,120,57810,L,"[0, 0, 0, 0, 0, 0, 0, 0]",0
463,120,57827,L,"[0, 0, 0, 0, 0, 0, 0, 0]",0
462,120,57844,L,"[0, 0, 0, 0, 0, 0, 0, 0]",0
460,120,57860,L,"[0, 0, 0, 0, 0, 0, 0, 0]",0
458,120,57877,L,"[0, 0, 0, 0, 0, 0, 0, 0]",0
457,120,57894,L,"[0, 0, 0, 0, 0, 0, 0, 0]",0
455,120,57910,L,"[0, 0, 0, 0, 0, 0, 0, 0]",0
453,120,57927,L,"[0, 0, 0, 0, 0, 0, 0, 0]",0
452,120,57944,L,"[0, 0, 0, 0, 0, 0, 0, 0]",0
450,120,57960,L,"[0, 0, 0, 0, 0, 0, 0, 0]",0
448,120,57977,L,"[0, 0, 0, 0, 0, 0, 0, 0]",0
447,120,57994,L,"[0, 0, 0, 0, 0, 0, 0, 0]",0
445,120,58010,L,"[0, 0, 0, 0, 0, 0, 0, 0]",0
443,120,58027,L,"[0, 0, 0, 0, 0, 0, 0, 0]",0
442,120,58044,L,"[0, 0, 0, 0, 0, 0, 0, 0]",0
440,120,58060,L,"[0, 0, 0, 0, 0, 0, 0, 0]",0
438,120,58077,L,"[0, 0, 0, 0, 0, 0, 0, 0]",0
437,120,58094,L,"[0, 0, 0, 0, 0, 0, 0, 0]",0
435,120,58110,L,"[0, 0, 0, 0, 0, 0, 0, 0]",0
433,120,58127,L,"[0, 0, 0, 0, 0, 0, 0, 0]",0
432,120,58144,L,"[0, 0, 0, 0, 0, 0, 0, 0]",0
430,120,58160,L,"[0, 0, 0, 0, 0, 0, 0, 0]",0
428,120,58177,L,"[0, 0, 0, 0, 0, 0, 0, 0]",0
427,120,58194,L,"[0, 0, 0, 0, 0, 0, 0, 0]",0
425,120,58211,,"[0, 0, 0, 0, 0, 0, 0, 0]",0
423,120,58227,,"[0, 0, 0, 0, 0, 0, 0, 0]",0
423,120,58244,,"[0, 0, 0, 0, 0, 0, 0, 0]",0
423,120,58261,,"[0, 0, 0, 0, 0, 0, 0, 0]",0
423,120,58277,,"[0, 0, 0, 0, 0, 0, 0, 0]",0
423,120,58294,,"[0, 0, 0, 0, 0, 0, 0, 0]",0
423,120,58311,,"[0, 0, 0, 0, 0, 0, 0, 0]",0
423,120,58327,,"[0, 0, 0, 0, 0, 0, 0, 0]",0
423,120,58344,,"[0, 0, 0, 0, 0, 0, 0, 0]",0
423,120,58361,,"[0, 0, 0, 0, 0, 0, 0, 0]",0
423,120,58377,,"[0, 0, 0, 0, 0, 0, 0, 0]",0
423,120,58394,,"[0, 0, 0, 0, 0, 0, 0, 0]",0
423,120,58411,,"[0, 0, 0, 0, 0, 0, 0, 0]",0
423,120,58427,,"[0, 0, 0, 0, 0, 0, 0, 0]",0
423,120,58444,,"[0, 0, 0, 0, 0, 0, 0, 0]",0
423,120,58461,,"[0, 0, 0, 0, 0, 0, 0, 0]",0
423,120,58477,,"[0, 0, 0, 0, 0, 0, 0, 0]",0
423,120,58494,,"[0, 0, 0, 0, 0, 0, 0, 0]",0
423,120,58511,,"[0, 0, 0, 0, 0, 0, 0, 0]",0
423,120,58527,,"[0, 0, 0, 0, 0, 0, 0, 0]",0
423,120,58544,,"[0, 0, 0, 0, 0, 0, 0, 0]",0
423,120,58561,,"[0, 0, 0, 0, 0, 0, 0, 0]",0
423,120,58577,,"[0, 0, 0, 0, 0, 0, 0, 0]",0
423,120,58594,,"[0, 0, 0, 0, 0, 0, 0, 0]",0
423,120,58611,,"[0, 0, 0, 0, 0, 0, 0, 0]",0
423,120,58627,D,"[0, 0, 0, 0, 0, 0, 0, 0]",0
423,120,58644,D,"[0, 0, 0, 0, 0, 0, 0, 0]",0
423,122,58661,D,"[0, 0, 0, 0, 0, 0, 0, 0]",0
423,123,58677,D,"[0, 0, 0, 0, 0, 0, 0, 0]",0
423,125,58694,D,"[0, 0, 0, 0, 0, 0, 0, 0]",0
423,127,58711,D,"[0, 0, 0, 0, 0, 0, 0, 0]",0
423,128,58727,D,"[0, 0, 0, 0, 0, 0, 0, 0]",0
423,130,58744,D,"[0, 0, 0, 0, 0, 0, 0, 0]",0
423,132,58761,D,"[0, 0, 0, 0, 0, 0, 0, 0]",0
423,133,58777,D,"[0, 0, 0, 0, 0, 0, 0, 0]",0
423,135,58794,D,"[0, 0, 0, 0, 0, 0, 0, 0]",0
423,137,58811,D,"[0, 0, 0, 0, 0, 0, 0, 0]",0
423,138,58827,D,"[0, 0, 0, 0, 0, 0, 0, 0]",0
423,140,58844,D,"[0, 0, 0, 0, 0, 0, 0, 0]",0
423,142,58861,D,"[0, 0, 0, 0, 0, 0, 0, 0]",0
423,143,58877,D,"[0, 0, 0, 0, 0, 0, 0, 0]",0
423,145,58894,D,"[0, 0, 0, 0, 0, 0, 0, 0]",0
423,147,58911,D,"[0, 0, 0, 0, 0, 0, 0, 0]",0
423,148,58927,D,"[0, 0, 0, 0, 0, 0, 0, 0]",0
423,150,58944,D,"[0, 0, 0, 0, 0, 0, 0, 0]",0
423,152,58961,D,"[0, 0, 0, 0, 0, 0, 0, 0]",0
423,153,58978,D,"[0, 0, 0, 0, 0, 0, 0, 0]",0
423,155,58994,D,"[0, 0, 0, 0, 0, 0, 0, 0]",0
423,157,59011,D,"[0, 0, 0, 0, 0, 0, 0, 0]",0
423,158,59028,D,"[0, 0, 0, 0, 0, 0, 0, 0]",0
423,160,59044,D,"[0, 0, 0, 0, 0, 0, 0, 0]",0
423,162,59061,D,"[0, 0, 0, 0, 0, 0, 0, 0]",0
423,163,59078,D,"[0, 0, 0, 0, 0, 0, 0, 0]",0
423,165,59111,D,"[0, 0, 0, 0, 0, 0, 0, 0]",0
423,167,59144,D,"[0, 0, 0, 0, 0, 0, 0, 0]",0
423,168,59161,D,"[0, 0, 0, 0, 0, 0, 0, 0]",0
423,170,59194,D,"[0, 0, 0, 0, 0, 0, 0, 0]",0
423,172,59228,D,"[0, 0, 0, 0, 0, 0, 0, 0]",0
423,173,59278,D,"[0, 0, 0, 0, 0, 0, 0, 0]",0
423,175,59294,D,"[0, 0, 0, 0, 0, 0, 0, 0]",0
423,177,59311,D,"[0, 0, 0, 0, 0, 0, 0, 0]",0
423,178,59328,D,"[0, 0, 0, 0, 0, 0, 0, 0]",0
423,180,59344,D,"[0, 0, 0, 0, 0, 0, 0, 0]",0
423,182,59361,D,"[0, 0, 0, 0, 0, 0, 0, 0]",0
423,183,59378,D,"[0, 0, 0, 0, 0, 0, 0, 0]",0
423,185,59394,D,"[0, 0, 0, 0, 0, 0, 0, 0]",0
423,187,59411,D,"[0, 0, 0, 0, 0, 0, 0, 0]",0
423,188,59428,D,"[0, 0, 0, 0, 0, 0, 0, 0]",0
423,190,59444,D,"[0, 0, 0, 0, 0, 0, 0, 0]",0
423,192,59461,D,"[0, 0, 0, 0, 0, 0, 0, 0]",0
423,193,59478,D,"[0, 0, 0, 0, 0, 0, 0, 0]",0
423,195,59494,D,"[0, 0, 0, 0, 0, 0, 0, 0]",0
423,197,59511,D,"[0, 0, 0, 0, 0, 0, 0, 0]",0
423,198,59528,D,"[0, 0, 0, 0, 0, 0, 0, 0]",0
423,200,59544,D,"[0, 0, 0, 0, 0, 0, 0, 0]",0
423,202,59561,D,"[0, 0, 0, 0, 0, 0, 0, 0]",0
423,203,59578,D,"[0, 0, 0, 0, 0, 0, 0, 0]",0
423,205,59594,D,"[0, 0, 0, 0, 0, 0, 0, 0]",0
423,207,59611,D,"[0, 0, 0, 0, 0, 0, 0, 0]",0
423,208,59628,D,"[0, 0, 0, 0, 0, 0, 0, 0]",0
423,210,59644,D,"[0, 0, 0, 0, 0, 0, 0, 0]",0
423,212,59661,D,"[0, 0, 0, 0, 0, 0, 0, 0]",0
423,213,59678,D,"[0, 0, 0, 0, 0, 0, 0, 0]",0
423,215,59694,D,"[0, 0, 0, 0, 0, 0, 0, 0]",0
423,217,59711,D,"[0, 0, 0, 0, 0, 0, 0, 0]",0
423,218,59728,D,"[0, 0, 0, 0, 0, 0, 0, 0]",0
423,220,59745,D,"[0, 0, 0, 0, 0, 0, 0, 0]",0
423,222,59761,D,"[0, 0, 0, 0, 0, 0, 0, 0]",0
423,223,59778,D,"[0, 0, 0, 0, 0, 0, 0, 0]",0
423,225,59795,D,"[0, 0, 0, 0, 0, 0, 0, 0]",0
423,227,59811,D,"[0, 0, 0, 0, 0, 0, 0, 0]",0
423,228,59828,D,"[0, 0, 0, 0, 0, 0, 0, 0]",0
423,230,59845,D,"[0, 0, 0, 0, 0, 0, 0, 0]",0
423,232,59861,D,"[0, 0, 0, 0, 0, 0, 0, 0]",0
423,233,59878,D,"[0, 0, 0, 0, 0, 0, 0, 0]",0
423,235,59895,D,"[0, 0, 0, 0, 0, 0, 0, 0]",0
423,237,59911,D,"[0, 0, 0, 0, 0, 0, 0, 0]",0
423,238,59928,D,"[0, 0, 0, 0, 0, 0, 0, 0]",0
423,240,59945,D,"[0, 0, 0, 0, 0, 0, 0, 0]",0
423,242,59961,D,"[0, 0, 0, 0, 0, 0, 0, 0]",0
423,243,59978,D,"[0, 0, 0, 0, 0, 0, 0, 0]",0
423,245,59995,D,"[0, 0, 0, 0, 0, 0, 0, 0]",0
423,247,60011,D,"[0, 0, 0, 0, 0, 0, 0, 0]",0
423,248,60028,D,"[0, 0, 0, 0, 0, 0, 0, 0]",0
423,250,60045,D,"[0, 0, 0, 0, 0, 0, 0, 0]",0
423,252,60061,D,"[0, 0, 0, 0, 0, 0, 0, 0]",0
423,253,60078,D,"[0, 0, 0, 0, 0, 0, 0, 0]",0
423,255,60095,D,"[0, 0, 0, 0, 0, 0, 0, 0]",0
423,257,60111,D,"[0, 0, 0, 0, 0, 0, 0, 0]",0
423,258,60128,D,"[0, 0, 0, 0, 0, 0, 0, 0]",0
423,260,60145,D,"[0, 0, 0, 0, 0, 0, 0, 0]",0
423,262,60161,D,"[0, 0, 0, 0, 0, 0, 0, 0]",0
423,263,60178,D,"[0, 0, 0, 0, 0, 0, 0, 0]",0
423,265,60195,D,"[0, 0, 0, 0, 0, 0, 0, 0]",0
423,267,60211,D,"[0, 0, 0, 0, 0, 0, 0, 0]",0
423,268,60228,D,"[0, 0, 0, 0, 0, 0, 0, 0]",0
423,270,60245,D,"[0, 0, 0, 0, 0, 0, 0, 0]",0
423,272,60261,D,"[0, 0, 0, 0, 0, 0, 0, 0]",0
423,273,60278,D,"[0, 0, 0, 0, 0, 0, 0, 0]",0
423,275,60295,D,"[0, 0, 0, 0, 0, 0, 0, 0]",0
423,277,60311,,"[0, 0, 0, 0, 0, 0, 0, 0]",0
423,278,60328,,"[0, 0, 0, 0, 0, 0, 0, 0]",0
423,278,60345,,"[0, 0, 0, 0, 0, 0, 0, 0]",0
423,278,60361,,"[0, 0, 0, 0, 0, 0, 0, 0]",0
423,278,60378,,"[0, 0, 0, 0, 0, 0, 0, 0]",0
423,278,60395,,"[0, 0, 0, 0, 0, 0, 0, 0]",0
423,278,60411,,"[0, 0, 0, 0, 0, 0, 0, 0]",0
423,278,60428,,"[0, 0, 0, 0, 0, 0, 0, 0]",0
423,278,60445,,"[0, 0, 0, 0, 0, 0, 0, 0]",0
423,278,60462,,"[0, 0, 0, 0, 0, 0, 0, 0]",0
423,278,60478,,"[0, 0, 0, 0, 0, 0, 0, 0]",0
423,278,60495,,"[0, 0, 0, 0, 0, 0, 0, 0]",0
423,278,60512,,"[0, 0, 0, 0, 0, 0, 0, 0]",0
423,278,60528,,"[0, 0, 0, 0, 0, 0, 0, 0]",0
423,278,60545,,"[0, 0, 0, 0, 0, 0, 0, 0]",0
423,278,60562,,"[0, 0, 0, 0, 0, 0, 0, 0]",0
423,278,60578,,"[0, 0, 0, 0, 0, 0, 0, 0]",0
423,278,60595,,"[0, 0, 0, 0, 0, 0, 0, 0]",0
423,278,60612,D,"[0, 0, 0, 0, 0, 0, 0, 0]",0
423,278,60628,D,"[0, 0, 0, 0, 0, 0, 0, 0]",0
423,280,60645,D,"[0, 0, 0, 0, 0, 0, 0, 0]",0
423,282,60662,D,"[0, 0, 0, 0, 0, 0, 0, 0]",0
423,283,60678,D,"[0, 0, 0, 0, 0, 0, 0, 0]",0
423,285,60695,D,"[0, 0, 0, 0, 0, 0, 0, 0]",0
423,287,60712,D,"[0, 0, 0, 0, 0, 0, 0, 0]",0
423,288,60728,D,"[0, 0, 0, 0, 0, 0, 0, 0]",0
423,290,60745,D,"[0, 0, 0, 0, 0, 0, 0, 0]",0
423,292,60762,D,"[0, 0, 0, 0, 0, 0, 0, 0]",0
423,293,60778,D,"[0, 0, 0, 0, 0, 0, 0, 0]",0
423,295,60795,D,"[0, 0, 0, 0, 0, 0, 0, 0]",0
423,297,60812,D,"[0, 0, 0, 0, 0, 0, 0, 0]",0
423,298,60828,D,"[0, 0, 0, 0, 0, 0, 0, 0]",0
423,300,60845,D,"[0, 0, 0, 0, 0, 0, 0, 0]",0
423,302,60862,D,"[0, 0, 0, 0, 0, 0, 0, 0]",0
423,303,60878,D,"[0, 0, 0, 0, 0, 0, 0, 0]",0
423,305,60895,D,"[0, 0, 0, 0, 0, 0, 0, 0]",0
423,307,60912,D,"[0, 0, 0, 0, 0, 0, 0, 0]",0
423,308,60928,D,"[0, 0, 0, 0, 0, 0, 0, 0]",0
423,310,60945,D,"[0, 0, 0, 0, 0, 0, 0, 0]",0
423,312,60962,D,"[0, 0, 0, 0, 0, 0, 0, 0]",0
423,313,60978,D,"[0, 0, 0, 0, 0, 0, 0, 0]",0
423,315,60995,D,"[0, 0, 0, 0, 0, 0, 0, 0]",0
423,317,61012,D,"[0, 0, 0, 0, 0, 0, 0, 0]",0
423,318,61028,D,"[0, 0, 0, 0, 0, 0, 0, 0]",0
423,320,61045,D,"[0, 0, 0, 0, 0, 0, 0, 0]",0
423,322,61062,D,"[0, 0, 0, 0, 0, 0, 0, 0]",0
423,323,61078,D,"[0, 0, 0, 0, 0, 0, 0, 0]",0
423,325,61095,D,"[0, 0, 0, 0, 0, 0, 0, 0]",0
423,327,61112,D,"[0, 0, 0, 0, 0, 0, 0, 0]",0
423,328,61128,D,"[0, 0, 0, 0, 0, 0, 0, 0]",0
423,330,61145,R,"[0, 0, 0, 0, 0, 0, 0, 0]",0
423,332,61162,R,"[0, 0, 0, 0, 0, 0, 0, 0]",0
425,332,61178,R,"[0, 0, 0, 0, 0, 0, 0, 0]",0
427,332,61195,R,"[0, 0, 0, 0, 0, 0, 0, 0]",0
428,332,61212,R,"[0, 0, 0, 0, 0, 0, 0, 0]",0
430,332,61229,R,"[0, 0, 0, 0, 0, 0, 0, 0]",0
432,332,61245,R,"[0, 0, 0, 0, 0, 0, 0, 0]",0
433,332,61262,R,"[0, 0, 0, 0, 0, 0, 0, 0]",0
435,332,61279,R,"[0, 0, 0, 0, 0, 0, 0, 0]",0
437,332,61295,R,"[0, 0, 0, 0, 0, 0, 0, 0]",0
438,332,61312,R,"[0, 0, 0, 0, 0, 0, 0, 0]",0
440,332,61329,R,"[0, 0, 0, 0, 0, 0, 0, 0]",0
442,332,61345,R,"[0, 0, 0, 0, 0, 0, 0, 0]",0
443,332,61362,R,"[0, 0, 0, 0, 0, 0, 0, 0]",0
445,332,61379,R,"[0, 0, 0, 0, 0, 0, 0, 0]",0
447,332,61395,R,"[0, 0, 0, 0, 0, 0, 0, 0]",0
448,332,61412,R,"[0, 0, 0, 0, 0, 0, 0, 0]",0
450,332,61429,R,"[0, 0, 0, 0, 0, 0, 0, 0]",0
452,332,61445,R,"[0, 0, 0, 0, 0, 0, 0, 0]",0
453,332,61462,R,"[0, 0, 0, 0, 0, 0, 0, 0]",0
455,332,61479,R,"[0, 0, 0, 0, 0, 0, 0, 0]",0
457,332,61495,R,"[0, 0, 0, 0, 0, 0, 0, 0]",0
458,332,61512,R,"[0, 0, 0, 0, 0, 0, 0, 0]",0
460,332,61529,R,"[0, 0, 0, 0, 0, 0, 0, 0]",0
462,332,61545,R,"[0, 0, 0, 0, 0, 0, 0, 0]",0
463,332,61562,R,"[0, 0, 0, 0, 0, 0, 0, 0]",0
465,332,61579,R,"[0, 0, 0, 0, 0, 0, 0, 0]",0
467,332,61595,R,"[0, 0, 0, 0, 0, 0, 0, 0]",0
468,332,61612,R,"[0, 0, 0, 0, 0, 0, 0, 0]",0
470,332,61629,R,"[0, 0, 0, 0, 0, 0, 0, 0]",0
472,332,61645,R,"[0, 0, 0, 0, 0, 0, 0, 0]",0
473,332,61662,R,"[0, 0, 0, 0, 0, 0, 0, 0]",0
475,332,61679,R,"[0, 0, 0, 0, 0, 0, 0, 0]",0
477,332,61695,R,"[0, 0, 0, 0, 0, 0, 0, 0]",0
478,332,61712,R,"[0, 0, 0, 0, 0, 0, 0, 0]",0
480,332,61729,R,"[0, 0, 0, 0, 0, 0, 0, 0]",0
482,332,61745,R,"[0, 0, 0, 0, 0, 0, 0, 0]",0
483,332,61762,R,"[0, 0, 0, 0, 0, 0, 0, 0]",0
485,332,61779,R,"[0, 0, 0, 0, 0, 0, 0, 0]",0
487,332,61795,R,"[0, 0, 0, 0, 0, 0, 0, 0]",0
488,332,61812,R,"[0, 0, 0, 0, 0, 0, 0, 0]",0
490,332,61829,R,"[0, 0, 0, 0, 0, 0, 0, 0]",0
492,332,61845,R,"[0, 0, 0, 0, 0, 0, 0, 0]",0
493,332,61862,R,"[0, 0, 0, 0, 0, 0, 0, 0]",0
495,332,61879,R,"[0, 0, 0, 0, 0, 0, 0, 0]",0
497,332,61895,R,"[0, 0, 0, 0, 0, 0, 0, 0]",0
498,332,61912,R,"[0, 0, 0, 0, 0, 0, 0, 0]",0
500,332,61929,R,"[0, 0, 0, 0, 0, 0, 0, 0]",0
502,332,61945,R,"[0, 0, 0, 0, 0, 0, 0, 0]",0
503,332,61962,R,"[0, 0, 0, 0, 0, 0, 0, 0]",0
505,332,61979,R,"[0, 0, 0, 0, 0, 0, 0, 0]",0
507,332,61996,R,"[0, 0, 0, 0, 0, 0, 0, 0]",0
508,332,62029,R,"[0, 0, 0, 0, 0, 0, 0, 0]",0
510,332,62062,R,"[0, 0, 0, 0, 0, 0, 0, 0]",0
512,332,62096,R,"[0, 0, 0, 0, 0, 0, 0, 0]",0
513,332,62112,R,"[0, 0, 0, 0, 0, 0, 0, 0]",0
515,332,62129,R,"[0, 0, 0, 0, 0, 0, 0, 0]",0
517,332,62146,R,"[0, 0, 0, 0, 0, 0, 0, 0]",0
518,332,62162,R,"[0, 0, 0, 0, 0, 0, 0, 0]",0
520,332,62179,R,"[0, 0, 0, 0, 0, 0, 0, 0]",0
522,332,62196,R,"[0, 0, 0, 0, 0, 0, 0, 0]",0
523,332,62212,R,"[0, 0, 0, 0, 0, 0, 0, 0]",0
525,332,62229,R,"[0, 0, 0, 0, 0, 0, 0, 0]",0
527,332,62246,R,"[0, 0, 0, 0, 0, 0, 0, 0]",0
528,332,62262,R,"[0, 0, 0, 0, 0, 0, 0, 0]",0
530,332,62279,R,"[0, 0, 0, 0, 0, 0, 0, 0]",0
532,332,62296,R,"[0, 0, 0, 0, 0, 0, 0, 0]",0
533,332,62312,R,"[0, 0, 0, 0, 0, 0, 0, 0]",0
535,332,62329,R,"[0, 0, 0, 0, 0, 0, 0, 0]",0
537,332,62346,R,"[0, 0, 0, 0, 0, 0, 0, 0]",0
538,332,62362,R,"[0, 0, 0, 0, 0, 0, 0, 0]",0
540,332,62379,R,"[0, 0, 0, 0, 0, 0, 0, 0]",0
542,332,62396,R,"[0, 0, 0, 0, 0, 0, 0, 0]",0
543,332,62412,R,"[0, 0, 0, 0, 0, 0, 0, 0]",0
545,332,62429,R,"[0, 0, 0, 0, 0, 0, 0, 0]",0
547,332,62446,R,"[0, 0, 0, 0, 0, 0, 0, 0]",0
548,332,62462,R,"[0, 0, 0, 0, 0, 0, 0, 0]",0
550,332,62479,R,"[0, 0, 0, 0, 0, 0, 0, 0]",0
552,332,62496,R,"[0, 0, 0, 0, 0, 0, 0, 0]",0
553,332,62512,R,"[0, 0, 0, 0, 0, 0, 0, 0]",0
555,332,62529,R,"[0, 0, 0, 0, 0, 0, 0, 0]",0
557,332,62546,R,"[0, 0, 0, 0, 0, 0, 0, 0]",0
558,332,62562,R,"[0, 0, 0, 0, 0, 0, 0, 0]",0
560,332,62579,R,"[0, 0, 0, 0, 0, 0, 0, 0]",0
562,332,62596,R,"[0, 0, 0, 0, 0, 0, 0, 0]",0
563,332,62612,R,"[0, 0, 0, 0, 0, 0, 0, 0]",0
565,332,62629,R,"[0, 0, 0, 0, 0, 0, 0, 0]",0
567,332,62646,R,"[0, 0, 0, 0, 0, 0, 0, 0]",0
568,332,62662,R,"[0, 0, 0, 0, 0, 0, 0, 0]",0
570,332,62679,R,"[0, 0, 0, 0, 0, 0, 0, 0]",0
572,332,62696,R,"[0, 0, 0, 0, 0, 0, 0, 0]",0
573,332,62712,R,"[0, 0, 0, 0, 0, 0, 0, 0]",0
575,332,62729,R,"[0, 0, 0, 0, 0, 0, 0, 0]",0
577,332,62746,R,"[0, 0, 0, 0, 0, 0, 0, 0]",0
578,332,62763,R,"[0, 0, 0, 0, 0, 0, 0, 0]",0
580,332,62779,R,"[0, 0, 0, 0, 0, 0, 0, 0]",0
582,332,62796,R,"[0, 0, 0, 0, 0, 0, 0, 0]",0
583,332,62813,R,"[0, 0, 0, 0, 0, 0, 0, 0]",0
585,332,62829,R,"[0, 0, 0, 0, 0, 0, 0, 0]",0
587,332,62846,R,"[0, 0, 0, 0, 0, 0, 0, 0]",0
588,332,62863,R,"[0, 0, 0, 0, 0, 0, 0, 0]",0
590,332,62879,R,"[0, 0, 0, 0, 0, 0, 0, 0]",0
592,332,62896,R,"[0, 0, 0, 0, 0, 0, 0, 0]",0
593,332,62913,R,"[0, 0, 0, 0, 0, 0, 0, 0]",0
595,332,62929,R,"[0, 0, 0, 0, 0, 0, 0, 0]",0
597,332,62946,R,"[0, 0, 0, 0, 0, 0, 0, 0]",0
598,332,62963,U,"[0, 0, 0, 0, 0, 0, 0, 0]",0
600,332,62979,U,"[0, 0, 0, 0, 0, 0, 0, 0]",0
600,330,63013,U,"[0, 0, 0, 0, 0, 0, 0, 0]",0
600,328,63029,U,"[0, 0, 0, 0, 0, 0, 0, 0]",0
600,328,63046,U,"[0, 0, 0, 0, 0, 0, 0, 0]",0
600,328,63063,U,"[0, 0, 0, 0, 0, 0, 0, 0]",0
600,328,63079,U,"[0, 0, 0, 0, 0, 0, 0, 0]",0
600,328,63096,U,"[0, 0, 0, 0, 0, 0, 0, 0]",0
600,328,63113,U,"[0, 0, 0, 0, 0, 0, 0, 0]",0
600,328,63129,U,"[0, 0, 0, 0, 0, 0, 0, 0]",0
600,328,63146,U,"[0, 0, 0, 0, 0, 0, 0, 0]",0
600,328,63163,U,"[0, 0, 0, 0, 0, 0, 0, 0]",0
600,328,63179,U,"[0, 0, 0, 0, 0, 0, 0, 0]",0
600,328,63196,U,"[0, 0, 0, 0, 0, 0, 0, 0]",0
600,328,63213,U,"[0, 0, 0, 0, 0, 0, 0, 0]",0
600,328,63229,U,"[0, 0, 0, 0, 0, 0, 0, 0]",0
600,328,63246,U,"[0, 0, 0, 0, 0, 0, 0, 0]",0
600,328,63263,U,"[0, 0, 0, 0, 0, 0, 0, 0]",0
600,328,63279,U,"[0, 0, 0, 0, 0, 0, 0, 0]",0
600,328,63296,U,"[0, 0, 0, 0, 0, 0, 0, 0]",0
600,328,63313,U,"[0, 0, 0, 0, 0, 0, 0, 0]",0
600,328,63329,U,"[0, 0, 0, 0, 0, 0, 0, 0]",0
600,328,63346,U,"[0, 0, 0, 0, 0, 0, 0, 0]",0
600,328,63363,U,"[0, 0, 0, 0, 0, 0, 0, 0]",0
600,328,63379,U,"[0, 0, 0, 0, 0, 0, 0, 0]",0
600,328,63396,U,"[0, 0, 0, 0, 0, 0, 0, 0]",0
600,328,63413,U,"[0, 0, 0, 0, 0, 0, 0, 0]",0
600,328,63429,U,"[0, 0, 0, 0, 0, 0, 0, 0]",0
600,328,63446,,"[0, 0, 0, 0, 0, 0, 0, 0]",0
600,328,63463,,"[0, 0, 0, 0, 0, 0, 0, 0]",0
600,328,63479,,"[0, 0, 0, 0, 0, 0, 0, 0]",0
600,328,63496,,"[0, 0, 0, 0, 0, 0, 0, 0]",0
600,328,63513,,"[0, 0, 0, 0, 0, 0, 0, 0]",0
600,328,63530,R,"[0, 0, 0, 0, 0, 0, 0, 0]",0
600,328,63546,R,"[0, 0, 0, 0, 0, 0, 0, 0]",0
602,328,63563,R,"[0, 0, 0, 0, 0, 0, 0, 0]",0
603,328,63580,R,"[0, 0, 0, 0, 0, 0, 0, 0]",0
605,328,63596,R,"[0, 0, 0, 0, 0, 0, 0, 0]",0
607,328,63613,R,"[0, 0, 0, 0, 0, 0, 0, 0]",0
608,328,63630,R,"[0, 0, 0, 0, 0, 0, 0, 0]",0
610,328,63646,R,"[0, 0, 0, 0, 0, 0, 0, 0]",0
612,328,63663,R,"[0, 0, 0, 0, 0, 0, 0, 0]",0
613,328,63680,R,"[0, 0, 0, 0, 0, 0, 0, 0]",0
615,328,63696,R,"[0, 0, 0, 0, 0, 0, 0, 0]",0
617,328,63713,R,"[0, 0, 0, 0, 0, 0, 0, 0]",0
618,328,63730,R,"[0, 0, 0, 0, 0, 0, 0, 0]",0
620,328,63746,R,"[0, 0, 0, 0, 0, 0, 0, 0]",0
622,328,63763,R,"[0, 0, 0, 0, 0, 0, 0, 0]",0
623,328,63780,R,"[0, 0, 0, 0, 0, 0, 0, 0]",0
625,328,63796,R,"[0, 0, 0, 0, 0, 0, 0, 0]",0
627,328,63813,R,"[0, 0, 0, 0, 0, 0, 0, 0]",0
628,328,63830,R,"[0, 0, 0, 0, 0, 0, 0, 0]",0
630,328,63846,R,"[0, 0, 0, 0, 0, 0, 0, 0]",0
632,328,63863,,"[0, 0, 0, 0, 0, 0, 0, 0]",0
632,328,63880,,"[0, 0, 0, 0, 0, 0, 0, 0]",0
632,328,63896,,"[0, 0, 0, 0, 0, 0, 0, 0]",0
632,328,63913,,"[0, 0, 0, 0, 0, 0, 0, 0]",0
632,328,63930,,"[0, 0, 0, 0, 0, 0, 0, 0]",0
632,328,63946,,"[0, 0, 0, 0, 0, 0, 0, 0]",0
632,328,63963,,"[0, 0, 0, 0, 0, 0, 0, 0]",0
632,328,63980,,"[0, 0, 0, 0, 0, 0, 0, 0]",0
632,328,63996,,"[0, 0, 0, 0, 0, 0, 0, 0]",0
632,328,64013,,"[0, 0, 0, 0, 0, 0, 0, 0]",0
632,328,64030,U,"[0, 0, 0, 0, 0, 0, 0, 0]",0
632,328,64046,U,"[0, 0, 0, 0, 0, 0, 0, 0]",0
632,326,64063,U,"[0, 0, 0, 0, 0, 0, 0, 0]",0
632,325,64080,U,"[0, 0, 0, 0, 0, 0, 0, 0]",0
632,323,64096,U,"[0, 0, 0, 0, 0, 0, 0, 0]",0
632,321,64113,U,"[0, 0, 0, 0, 0, 0, 0, 0]",0
632,320,64130,U,"[0, 0, 0, 0, 0, 0, 0, 0]",0
632,318,64146,U,"[0, 0, 0, 0, 0, 0, 0, 0]",0
632,316,64163,U,"[0, 0, 0, 0, 0, 0, 0, 0]",0
632,315,64180,U,"[0, 0, 0, 0, 0, 0, 0, 0]",0
632,313,64196,U,"[0, 0, 0, 0, 0, 0, 0, 0]",0
632,311,64213,,"[0, 0, 0, 0, 0, 0, 0, 0]",0
632,310,64230,,"[0, 0, 0, 0, 0, 0, 0, 0]",0
632,310,64246,,"[0, 0, 0, 0, 0, 0, 0, 0]",0
632,310,64263,,"[0, 0, 0, 0, 0, 0, 0, 0]",0
632,310,64280,,"[0, 0, 0, 0, 0, 0, 0, 0]",0
632,310,64297,U,"[0, 0, 0, 0, 0, 0, 0, 0]",0
632,310,64313,U,"[0, 0, 0, 0, 0, 0, 0, 0]",0
632,308,64330,U,"[0, 0, 0, 0, 0, 0, 0, 0]",0
632,306,64347,U,"[0, 0, 0, 0, 0, 0, 0, 0]",0
632,305,64363,U,"[0, 0, 0, 0, 0, 0, 0, 0]",0
632,303,64380,U,"[0, 0, 0, 0, 0, 0, 0, 0]",0
632,301,64397,U,"[0, 0, 0, 0, 0, 0, 0, 0]",0
632,300,64413,U,"[0, 0, 0, 0, 0, 0, 0, 0]",0
632,298,64430,U,"[0, 0, 0, 0, 0, 0, 0, 0]",0
632,296,64447,U,"[0, 0, 0, 0, 0, 0, 0, 0]",0
632,295,64463,U,"[0, 0, 0, 0, 0, 0, 0, 0]",0
632,293,64480,U,"[0, 0, 0, 0, 0, 0, 0, 0]",0
632,291,64497,U,"[0, 0, 0, 0, 0, 0, 0, 0]",0
632,290,64513,U,"[0, 0, 0, 0, 0, 0, 0, 0]",0
632,288,64530,U,"[0, 0, 0, 0, 0, 0, 0, 0]",0
632,286,64547,U,"[0, 0, 0, 0, 0, 0, 0, 0]",0
632,285,64563,U,"[0, 0, 0, 0, 0, 0, 0, 0]",0
632,283,64580,U,"[0, 0, 0, 0, 0, 0, 0, 0]",0
632,281,64597,U,"[0, 0, 0, 0, 0, 0, 0, 0]",0
632,280,64613,U,"[0, 0, 0, 0, 0, 0, 0, 0]",0
632,278,64630,U,"[0, 0, 0, 0, 0, 0, 0, 0]",0
632,276,64647,U,"[0, 0, 0, 0, 0, 0, 0, 0]",0
632,275,64663,U,"[0, 0, 0, 0, 0, 0, 0, 0]",0
632,273,64680,U,"[0, 0, 0, 0, 0, 0, 0, 0]",0
632,271,64697,U,"[0, 0, 0, 0, 0, 0, 0, 0]",0
632,270,64713,U,"[0, 0, 0, 0, 0, 0, 0, 0]",0
632,268,64730,U,"[0, 0, 0, 0, 0, 0, 0, 0]",0
632,266,64747,U,"[0, 0, 0, 0, 0, 0, 0, 0]",0
632,265,64763,U,"[0, 0, 0, 0, 0, 0, 0, 0]",0
632,263,64780,U,"[0, 0, 0, 0, 0, 0, 0, 0]",0
632,261,64797,U,"[0, 0, 0, 0, 0, 0, 0, 0]",0
632,260,64813,U,"[0, 0, 0, 0, 0, 0, 0, 0]",0
632,258,64830,U,"[0, 0, 0, 0, 0, 0, 0, 0]",0
632,256,64847,U,"[0, 0, 0, 0, 0, 0, 0, 0]",0
632,255,64863,U,"[0, 0, 0, 0, 0, 0, 0, 0]",0
632,253,64880,U,"[0, 0, 0, 0, 0, 0, 0, 0]",0
632,251,64897,U,"[0, 0, 0, 0, 0, 0, 0, 0]",0
632,250,64913,U,"[0, 0, 0, 0, 0, 0, 0, 0]",0
632,248,64930,U,"[0, 0, 0, 0, 0, 0, 0, 0]",0
632,246,64947,U,"[0, 0, 0, 0, 0, 0, 0, 0]",0
632,245,64963,U,"[0, 0, 0, 0, 0, 0, 0, 0]",0
632,243,64980,U,"[0, 0, 0, 0, 0, 0, 0, 0]",0
632,241,64997,U,"[0, 0, 0, 0, 0, 0, 0, 0]",0
632,240,65014,U,"[0, 0, 0, 0, 0, 0, 0, 0]",0
632,238,65030,U,"[0, 0, 0, 0, 0, 0, 0, 0]",0
632,236,65047,U,"[0, 0, 0, 0, 0, 0, 0, 0]",0
632,235,65064,U,"[0, 0, 0, 0, 0, 0, 0, 0]",0
632,233,65080,U,"[0, 0, 0, 0, 0, 0, 0, 0]",0
632,231,65097,U,"[0, 0, 0, 0, 0, 0, 0, 0]",0
632,230,65114,U,"[0, 0, 0, 0, 0, 0, 0, 0]",0
632,228,65130,U,"[0, 0, 0, 0, 0, 0, 0, 0]",0
632,226,65147,U,"[0, 0, 0, 0, 0, 0, 0, 0]",0
632,225,65164,U,"[0, 0, 0, 0, 0, 0, 0, 0]",0
632,223,65180,U,"[0, 0, 0, 0, 0, 0, 0, 0]",0
632,221,65197,U,"[0, 0, 0, 0, 0, 0, 0, 0]",0
632,220,65214,U,"[0, 0, 0, 0, 0, 0, 0, 0]",0
632,218,65230,U,"[0, 0, 0, 0, 0, 0, 0, 0]",0
632,216,65247,U,"[0, 0, 0, 0, 0, 0, 0, 0]",0
632,215,65264,U,"[0, 0, 0, 0, 0, 0, 0, 0]",0
632,213,65280,U,"[0, 0, 0, 0, 0, 0, 0, 0]",0
632,211,65297,U,"[0, 0, 0, 0, 0, 0, 0, 0]",0
632,210,65314,U,"[0, 0, 0, 0, 0, 0, 0, 0]",0
632,208,65330,U,"[0, 0, 0, 0, 0, 0, 0, 0]",0
632,206,65347,U,"[0, 0, 0, 0, 0, 0, 0, 0]",0
632,205,65364,U,"[0, 0, 0, 0, 0, 0, 0, 0]",0
632,203,65380,U,"[0, 0, 0, 0, 0, 0, 0, 0]",0
632,201,65397,U,"[0, 0, 0, 0, 0, 0, 0, 0]",0
632,200,65414,U,"[0, 0, 0, 0, 0, 0, 0, 0]",0
632,198,65430,U,"[0, 0, 0, 0, 0, 0, 0, 0]",0
632,196,65447,U,"[0, 0, 0, 0, 0, 0, 0, 0]",0
632,195,65464,U,"[0, 0, 0, 0, 0, 0, 0, 0]",0
632,193,65480,U,"[0, 0, 0, 0, 0, 0, 0, 0]",0
632,191,65497,U,"[0, 0, 0, 0, 0, 0, 0, 0]",0
632,190,65514,U,"[0, 0, 0, 0, 0, 0, 0, 0]",0
632,188,65530,U,"[0, 0, 0, 0, 0, 0, 0, 0]",0
632,186,65547,U,"[0, 0, 0, 0, 0, 0, 0, 0]",0
632,185,65564,U,"[0, 0, 0, 0, 0, 0, 0, 0]",0
632,183,65581,U,"[0, 0, 0, 0, 0, 0, 0, 0]",0
632,181,65597,U,"[0, 0, 0, 0, 0, 0, 0, 0]",0
632,180,65614,U,"[0, 0, 0, 0, 0, 0, 0, 0]",0
632,178,65631,U,"[0, 0, 0, 0, 0, 0, 0, 0]",0
632,176,65647,U,"[0, 0, 0, 0, 0, 0, 0, 0]",0
632,175,65664,U,"[0, 0, 0, 0, 0, 0, 0, 0]",0
632,173,65681,U,"[0, 0, 0, 0, 0, 0, 0, 0]",0
632,171,65697,U,"[0, 0, 0, 0, 0, 0, 0, 0]",0
632,170,65714,U,"[0, 0, 0, 0, 0, 0, 0, 0]",0
632,168,65731,U,"[0, 0, 0, 0, 0, 0, 0, 0]",0
632,166,65748,U,"[0, 0, 0, 0, 0, 0, 0, 0]",0
632,165,65764,U,"[0, 0, 0, 0, 0, 0, 0, 0]",0
632,163,65781,U,"[0, 0, 0, 0, 0, 0, 0, 0]",0
632,161,65798,U,"[0, 0, 0, 0, 0, 0, 0, 0]",0
632,160,65814,U,"[0, 0, 0, 0, 0, 0, 0, 0]",0
632,158,65831,U,"[0, 0, 0, 0, 0, 0, 0, 0]",0
632,156,65848,U,"[0, 0, 0, 0, 0, 0, 0, 0]",0
